timestamp,region,latitude,longitude,20:19:00:00:01:39,20:19:00:00:00:93,20:19:00:00:00:38,20:19:00:00:00:63,20:19:00:00:01:24,20:19:00:00:00:53,20:19:00:00:04:25,20:19:00:00:01:92,20:19:00:00:04:31,20:19:00:00:01:31,20:19:00:00:01:02,20:19:00:00:03:58,20:19:00:00:00:91,20:19:00:00:00:71,20:19:00:00:04:63,20:19:00:00:03:85,20:19:00:00:01:49,20:19:00:00:03:07,20:19:00:00:00:25,20:19:00:00:00:01,20:19:00:00:01:17,20:19:00:00:01:44,20:19:00:00:02:94,20:19:00:00:00:77,20:19:00:00:00:23,20:19:00:00:01:26,20:19:00:00:01:88,20:19:00:00:00:13,20:19:00:00:01:58,20:19:00:00:01:67,20:19:00:00:02:80,20:19:00:00:01:64,20:19:00:00:00:70,20:19:00:00:00:24,20:19:00:00:00:04,20:19:00:00:00:95,20:19:00:00:00:33,20:19:00:00:03:23,20:19:00:00:01:93,20:19:00:00:00:32,20:19:00:00:01:27,20:19:00:00:01:32,20:19:00:00:01:28,20:19:00:00:01:41,20:19:00:00:00:59,20:19:00:00:03:31,20:19:00:00:04:42,20:19:00:00:02:82,20:19:00:00:03:21,20:19:00:00:00:20,20:19:00:00:02:88,20:19:00:00:01:60,20:19:00:00:03:09,20:19:00:00:01:25,20:19:00:00:00:08,20:19:00:00:03:51,20:19:00:00:01:62,20:19:00:00:00:10,20:19:00:00:01:33,20:19:00:00:02:34,20:19:00:00:01:40,20:19:00:00:00:61,20:19:00:00:00:29,20:19:00:00:00:55,20:19:00:00:00:57,20:19:00:00:00:09,20:19:00:00:01:82,20:19:00:00:01:72,20:19:00:00:00:96,20:19:00:00:04:32,20:19:00:00:04:39,20:19:00:00:01:89,20:19:00:00:04:19,20:19:00:00:00:31,20:19:00:00:01:43,20:19:00:00:02:99,20:19:00:00:02:63,20:19:00:00:01:47,20:19:00:00:03:50,20:19:00:00:00:19,20:19:00:00:01:34,20:19:00:00:01:07,20:19:00:00:01:14,20:19:00:00:03:24,20:19:00:00:00:81,20:19:00:00:01:53,20:19:00:00:04:53,20:19:00:00:03:55,20:19:00:00:01:61,20:19:00:00:00:27,20:19:00:00:04:51,20:19:00:00:00:67,20:19:00:00:04:40,20:19:00:00:01:96,20:19:00:00:00:92,20:19:00:00:01:65,20:19:00:00:03:49,20:19:00:00:01:80,20:19:00:00:00:90,20:19:00:00:00:65,20:19:00:00:03:04,20:19:00:00:03:22,20:19:00:00:02:24,20:19:00:00:01:35,20:19:00:00:00:51,20:19:00:00:00:76,20:19:00:00:03:13,20:19:00:00:01:98,20:19:00:00:00:80,20:19:00:00:01:01,20:19:00:00:00:48,20:19:00:00:03:87,20:19:00:00:00:68,20:19:00:00:01:30,20:19:00:00:02:55,20:19:00:00:01:63,20:19:00:00:04:20,20:19:00:00:01:97,20:19:00:00:00:52,20:19:00:00:00:82,20:19:00:00:00:98,20:19:00:00:01:79,20:19:00:00:00:14,20:19:00:00:01:18,20:19:00:00:02:00,20:19:00:00:00:94,20:19:00:00:00:47,20:19:00:00:02:79,20:19:00:00:01:68,20:19:00:00:01:95,20:19:00:00:00:97,20:19:00:00:03:20,20:19:00:00:02:83,20:19:00:00:00:30,20:19:00:00:00:22,20:19:00:00:00:06,20:19:00:00:01:48,20:19:00:00:01:73,20:19:00:00:01:57,20:19:00:00:00:54,20:19:00:00:03:48,20:19:00:00:01:36,20:19:00:00:00:89,20:19:00:00:02:52,20:19:00:00:01:83,20:19:00:00:03:88,20:19:00:00:01:08,20:19:00:00:01:09,20:19:00:00:04:52,20:19:00:00:00:40,20:19:00:00:00:49,20:19:00:00:01:59,20:19:00:00:01:16,20:19:00:00:02:57,20:19:00:00:00:45,20:19:00:00:03:06,20:19:00:00:00:07,20:19:00:00:00:26,20:19:00:00:04:18,20:19:00:00:00:75,20:19:00:00:04:37,20:19:00:00:01:50,20:19:00:00:00:58,20:19:00:00:00:46,20:19:00:00:01:51,20:19:00:00:00:62,20:19:00:00:00:28,20:19:00:00:01:52,20:19:00:00:00:88,20:19:00:00:01:66,20:19:00:00:01:19,20:19:00:00:00:21,20:19:00:00:01:76,20:19:00:00:03:01,20:19:00:00:00:34,20:19:00:00:00:87,20:19:00:00:00:17,20:19:00:00:00:35,20:19:00:00:01:00,20:19:00:00:03:32,20:19:00:00:01:99,20:19:00:00:00:60,20:19:00:00:00:72,20:19:00:00:01:46,20:19:00:00:00:84,20:19:00:00:02:96,20:19:00:00:02:19,20:19:00:00:01:75,20:19:00:00:00:39,20:19:00:00:00:36,20:19:00:00:03:56,20:19:00:00:03:57,20:19:00:00:02:56,20:19:00:00:03:08,20:19:00:00:01:56,20:19:00:00:03:52,20:19:00:00:03:54,20:19:00:00:04:41,20:19:00:00:03:53,20:19:00:00:00:12,20:19:00:00:02:60,20:19:00:00:01:29,20:19:00:00:00:64,20:19:00:00:02:81,20:19:00:00:03:02,20:19:00:00:01:74,20:19:00:00:04:50,20:19:00:00:01:78,20:19:00:00:00:41,20:19:00:00:01:81,20:19:00:00:02:29,20:19:00:00:02:59,20:19:00:00:03:28,20:19:00:00:01:84,20:19:00:00:02:95,20:19:00:00:00:37,20:19:00:00:02:97,20:19:00:00:00:78,20:19:00:00:00:56,20:19:00:00:00:50,20:19:00:00:03:05,20:19:00:00:01:11,20:19:00:00:00:69,20:19:00:00:01:10,20:19:00:00:00:18,20:19:00:00:01:69,20:19:00:00:03:03
61.472,0,43.718277133470984,10.421565890572847,,,-82.0,,,-32.0,,,,,,,,,,,-63.0,,,,,,,,,,,,,-84.0,,,,,,,,,,-86.0,,,,-61.0,,,,,,-82.0,,,,,,,,,,,,,,-34.0,-36.0,,,,,,,,,-92.0,,,,-63.0,,-81.0,,,,,,-61.0,,,,,,,,,,,,,,,,,,,,,,,,,,,,,,,-89.0,,-33.0,,-37.0,,,,,,,,,,-36.0,,,,-81.0,,-62.0,,,-36.0,,,,,,,,,,,,,,,-34.0,,,,,,,-63.0,-37.0,,-60.0,,,-60.0,,,-60.0,-81.0,-89.0,,-86.0,,-83.0,,,,,-36.0,,-63.0,,,,-89.0,,,,,,,,,,,,,,,,,,,,,,,,,,,,,,,,,,,,,-81.0,,
68.396,0,43.71830148033587,10.421607653956093,,,,-78.0,,-43.0,,,,,,,,,-80.0,,,,,,,,,,,,,-79.0,,,,,,,,,-85.0,,,-84.0,,,,-79.0,,,,,,-80.0,,,,,-86.0,,,-84.0,,,,,,-43.0,-48.0,-87.0,,,,,,,,-85.0,,,,,,,,,,,,-74.0,,,,,,,,,,,,,,,,,,,,,,,,,,,,,,,-90.0,,-44.0,,-48.0,,-79.0,,,,,,,,-48.0,,,,-80.0,-87.0,-82.0,,,-44.0,,,,,,,,,,,,,,,-44.0,,,,,,,-79.0,-45.0,,-74.0,,,-75.0,,,-74.0,-80.0,,,-81.0,,-80.0,-79.0,,,,-48.0,,-83.0,,,,,,-78.0,,,,,,,,,,-79.0,,,,,,,-92.0,,,,,,,,,,,,,,,,,,-80.0,,
72.41,1,43.71832582720075,10.421649417339339,,,-82.0,-77.0,,-51.0,,,,,,,,,-80.0,,,,,,-80.0,,,,,-80.0,,-77.0,,,,,,,,-86.0,-83.0,,,-82.0,-80.0,,,,,,,,,-82.0,,,,,-66.0,,,-66.0,,,-86.0,,,-51.0,-65.0,-79.0,,,,,,,,-82.0,,,,,,-84.0,,,,,,-82.0,,,,,,-87.0,,-92.0,,,,,,-90.0,,,,,,,,-91.0,,,,,,,,,,,-51.0,,-66.0,,-77.0,-80.0,-86.0,,,,,,-65.0,,,,-84.0,-67.0,-89.0,,,-52.0,,,,,,,,,,,,,,,-52.0,,-60.0,,,,,-84.0,-53.0,,-82.0,,,-84.0,,,-82.0,-84.0,,,-78.0,,-82.0,-77.0,,,-86.0,-66.0,,,,,,,,-76.0,,,,,,,,,,-78.0,,-80.0,,,,,,,,,,,,,,,,,,,,,,,-84.0,,
76.387,1,43.71835017406564,10.421691180722584,,,-69.0,-71.0,,-66.0,,,,,,,,,,,,,,,,,,,,,,-73.0,,,,,,,,,-85.0,,,,,,,,,,,,,-69.0,,,,,-62.0,,,-63.0,,,,,,-63.0,-67.0,,,,,,,,,,,,,,,-69.0,,,,,,,,,,,,,,,,,,,,,,,,,,,,,,,,,,,,,,,-68.0,,-68.0,,-72.0,,,,,,,,-68.0,,,,-70.0,-63.0,,,,-64.0,,,,,,,,,,,,,,,-69.0,,-61.0,,,,,,-64.0,,,,,,,,,-71.0,,,-72.0,,-69.0,-71.0,,,,-69.0,,,,,,,,-71.0,,,,,,,,,,-72.0,,,,,,,,,,,,,,,,,,,,,,,,,-68.0,,
80.398,1,43.718374520930524,10.42173294410583,,,-54.0,-50.0,,-66.0,,,,,,,,,,,,,,,,,,,,,,-50.0,,,,,,,,,-85.0,,,-86.0,,,,,,,,,,-55.0,,,,,,,,-76.0,,,,,,-67.0,-70.0,,,,,,,,,-85.0,,,,,,-50.0,,,,,,,,,,,,,,,,,,,,,,,,,,,,,,,,,,,,,,,-67.0,,-70.0,,-50.0,,,,,,,,-72.0,,,,-54.0,,,,,-64.0,,,,,,,,,,,,,,,-67.0,,-77.0,-85.0,,,,,-65.0,,,,,,,,,-52.0,,,-50.0,,-55.0,-51.0,,,,-70.0,,,,,,,,-50.0,,,,,,,,,,-50.0,,,,,,,,,,,,,,,,,,,,,,,,,-51.0,,
84.387,2,43.71839886779541,10.421774707489076,,,-46.0,-45.0,-86.0,,,,,-85.0,,,,,,,,,,,,,,,,-90.0,,-45.0,,,,,,,,,-81.0,,,-82.0,,,-91.0,,,,,,,-47.0,,,,-85.0,-79.0,,,,,,,,-85.0,,,-76.0,-86.0,,,,,,,-82.0,,,,,,-46.0,,-90.0,,,,,,,,,,,,,,,,,,,,,,,,,,,,,,,,-86.0,,,,,,,,,-45.0,,,-90.0,,,,,,,,,-46.0,-75.0,,,,,,-86.0,,,,,,,,-84.0,,,,,,,-77.0,,,,,-89.0,,,,,,,,,,-46.0,,,-45.0,,-47.0,-45.0,,,,,,,,,,,,-44.0,,,,,,,,,,-45.0,,-91.0,,,,,,,,,,,,,,-84.0,,,,,,,,,-46.0,,
88.376,2,43.71842321466029,10.421816470872324,,,-43.0,-44.0,-88.0,,,,,-88.0,,,,,,,,,,,,,,,,-91.0,,-45.0,,,,,,,,,-80.0,,,-82.0,,,,,,,,,,-43.0,,,,-88.0,-75.0,,,-69.0,,,,,,,,,-89.0,,,,,,,-81.0,,,,,,-43.0,,,,,,,,-92.0,,,,,,,,,,,,,,,,-86.0,-94.0,,,,,,,,,-88.0,,,,,,,,,-42.0,,,,,,,,,,,,-43.0,-73.0,,,,,,-87.0,,,,,,,,,,,,,,,-75.0,,,,,,,,,,,-91.0,,,,-42.0,,,-43.0,,-43.0,-44.0,,,,,,,,,,,,-44.0,,-87.0,,,,,,,,-43.0,,,,,,,,-92.0,-85.0,,,,,,,,,,,,,,,,-43.0,,
92.381,3,43.718447561525174,10.42185823425557,,,-45.0,-39.0,,,,,,,,,,,,,,,,,,-92.0,,,,,,-39.0,,,,,-84.0,,,,-82.0,,,-82.0,,,,,,,,,,-45.0,,,,,,,,-76.0,,,,,,,,-82.0,,,,,,,,-81.0,,,,,,-45.0,,,,,,,,,,,,,,,,,,,,,,,,,,,,,,-87.0,,,-88.0,,,,,,,,,,-40.0,,,,,,,,,,,-84.0,-45.0,-75.0,,,,,,,,,,,,,,,,,-92.0,,,,-77.0,,,,,,,,,,,-88.0,,,,-46.0,,,-40.0,,-45.0,-39.0,,,,,,,,,,,-86.0,-39.0,,,,,,,,,,-40.0,,,,,,,,,,,,,,,,,,,,,,,,,-45.0,,
96.378,3,43.71847190839006,10.421899997638816,,,-49.0,-51.0,,,,,,,,,,,,,,,,,-89.0,,,,,-90.0,,-51.0,,,,,,,,,-83.0,,,-82.0,,,,,-93.0,,,,,-48.0,,,,,-82.0,-96.0,,,,,,,,,,-76.0,,,,,,,,-83.0,,,,,,-49.0,,-86.0,,,,,,,,,,,,,,,,,,,,,,-90.0,,,,,,-87.0,,,,,,,,,,,,,-51.0,,,-88.0,,,,,,,,-88.0,-47.0,-81.0,,,,,,,,,,,,,,,,,,,,,-77.0,-90.0,,,,,,,,,,,,,,-47.0,,,-52.0,,-49.0,-51.0,,,,,,,,,,,,-51.0,,,,,,,,,,-52.0,,,-87.0,,,,,,,,,,,,,,,,,,,,,,-47.0,,
100.377,3,43.71849625525495,10.421941761022062,-88.0,,-49.0,-53.0,,,,,,,-92.0,,,,,,,,,,,,,,,,,-52.0,,,,,,,,,,,,,,,,,-84.0,,,,,-48.0,,,,,-83.0,-94.0,,-84.0,,,,,,,,-82.0,,,,,,,,,-90.0,,,,,-48.0,,,,,,,,,,,,,,,,,,,,,,,,,,,,,,,,,,,,,,,,,,-91.0,-52.0,,,,,,,,,,,-89.0,-48.0,-85.0,,,,,,,,,,,,,,-90.0,,,,,,,-82.0,-89.0,,,,,,,,,,,,,,-50.0,,,-52.0,,-48.0,-52.0,,,,,,,,,,,-91.0,-54.0,,-83.0,,,,-91.0,,,,-52.0,,,-87.0,,,,,,,,,,,,,,,,-93.0,,,,,,-49.0,,
104.388,4,43.71852060211983,10.421983524405308,-84.0,-83.0,-57.0,-60.0,,,,,,-92.0,,-79.0,,,,,,,,,,-90.0,,,,,,-60.0,,,,,,,,,-89.0,,,-85.0,,,,,-84.0,,,,,-56.0,,,,-90.0,-86.0,-84.0,,,-91.0,,,,,,,,-92.0,,,,,,,-89.0,,,,,,-56.0,,,,,,,,-87.0,,,,,,,,,,,,-93.0,,,,,,,,,,,,,,,,,,,,-76.0,,,-60.0,,,,,,,,,,,,-57.0,-85.0,,,,,,,,,,,,,,,-88.0,,,,,,,,,,,,,,,,,,,,,-58.0,,,-62.0,,-56.0,-60.0,,,,,,,,,,,,-60.0,,-82.0,,,,-85.0,,,,-60.0,,,,,,,,,,,,,,,,,,,,,,,,,-57.0,,
108.395,4,43.718544948984714,10.422025287788554,-79.0,-79.0,-61.0,-65.0,-77.0,,,,,-80.0,,-81.0,,-95.0,,,,,-90.0,,,,,,,,,-65.0,,,,,,,,,,,,,,-83.0,,,,,,,,-61.0,,,-88.0,-80.0,-88.0,-82.0,,-85.0,-90.0,,,,,,,,-80.0,,,,,-83.0,,,,,,,,-60.0,-84.0,,,,,,,,,,,,,,,,,-89.0,,,,,,-78.0,,,,,,,-83.0,,,-76.0,,,,,,-80.0,,-89.0,-64.0,,,,,,,,,,,,-61.0,,,,,,,-78.0,-90.0,,,,,,,,,,,,,-86.0,,,,,,,,,,-94.0,,,-90.0,,,-62.0,,,-64.0,,-60.0,-64.0,,,,,,,,,,,,-66.0,-81.0,-76.0,,-87.0,,,-84.0,,,-64.0,,,,,,,,,,-89.0,,,,,,,,,,,,,,,-61.0,,
112.39,4,43.7185692958496,10.4220670511718,-71.0,-80.0,-71.0,-77.0,-79.0,,,,,,,-77.0,,,,,,,-86.0,,,,,,-87.0,,,-77.0,-92.0,,,,,,,,-85.0,,,,,-83.0,,,,,,,,-71.0,,-93.0,,-82.0,,-77.0,-91.0,,-86.0,,,,,,,,-80.0,,,,,-79.0,,,,,,,,-71.0,-84.0,,-88.0,,,,,,-90.0,,,,,,,,,-85.0,,-82.0,,,,-82.0,,-88.0,,,,,-74.0,,-80.0,-79.0,,-92.0,,,,-72.0,,-87.0,-76.0,,,,,,,,,,,,-71.0,,,,-94.0,,,-80.0,-88.0,,-85.0,,-84.0,-86.0,,,-73.0,-92.0,-87.0,,,,,,,,,,,,,,,,,,,-72.0,,,,,-72.0,-75.0,,,,,,,,,,,,-77.0,,-74.0,,,-91.0,,,,,-74.0,,,-80.0,,,,,-87.0,,,,,,,,,,,,-72.0,,,-81.0,,-77.0,,
146.747,4,43.71854292007931,10.422021807506617,-58.0,-69.0,-67.0,-71.0,-53.0,,,,,-52.0,,-63.0,-77.0,,,,,-63.0,,,,-67.0,-86.0,,,,,-73.0,-79.0,,-81.0,,,-68.0,,,,-73.0,,,,,,,,-69.0,,-81.0,,-66.0,,-80.0,-76.0,-52.0,,-61.0,-78.0,,,,,,,,,,-53.0,,,,,-59.0,,,-54.0,-74.0,,,-75.0,-66.0,-88.0,,,,-82.0,,,-66.0,-79.0,,,,,,,,-73.0,-54.0,,,-74.0,,,-53.0,-57.0,,-64.0,,,,-59.0,,,-53.0,-86.0,-80.0,,,,-72.0,,-55.0,-73.0,,,,-59.0,-82.0,,,,,,,-67.0,,,,-80.0,,-91.0,-53.0,,,-55.0,,-69.0,,,,-58.0,-80.0,-54.0,,,-76.0,,,,,,,,-55.0,,,,,,,,-67.0,,-73.0,-73.0,,-66.0,-72.0,,,,,,,-57.0,-87.0,,,,-68.0,,-61.0,-90.0,-77.0,-79.0,,-63.0,,-67.0,-73.0,,,,-81.0,-74.0,,,-54.0,,-54.0,,,-69.0,,-86.0,,-87.0,,-57.0,-58.0,-64.0,,,,-67.0,,-64.0
152.408,4,43.71851654430901,10.421976563841433,-58.0,-69.0,-70.0,-72.0,,,,,,,,-65.0,-77.0,,,,,-83.0,,,,-67.0,,,,,,-73.0,-87.0,,,,,,,,-84.0,,,,,,,,,,,,,-67.0,,-89.0,-87.0,-73.0,,-65.0,-87.0,,,,,,,,,,-73.0,,,,,-66.0,,,-64.0,,,,-78.0,-70.0,,,,,-82.0,,,-67.0,-87.0,,,,,,-89.0,,,-64.0,,,,,,,,-88.0,,,,,,,,-73.0,,,,,,-70.0,,-65.0,-73.0,,,,,,,,,,,,-69.0,,,,-88.0,,,,,,-64.0,,,,,,,-88.0,-64.0,,,-86.0,,,,,,,,-69.0,,-80.0,,,,,,-68.0,,,-73.0,,-68.0,-72.0,,,,,-89.0,,,,,,,-71.0,-67.0,-70.0,,-87.0,-88.0,-67.0,-65.0,,,-73.0,,,,,,,,-62.0,,-64.0,,,,,,,,-85.0,-70.0,,,,,,-67.0,,
156.411,3,43.71849016853872,10.421931320176249,-70.0,-75.0,-64.0,-71.0,-91.0,,,,,,,-77.0,,-84.0,,,,,,,,-75.0,,,,,,-70.0,,,,,,,,,-84.0,,,-92.0,,,,,,,,,,-63.0,,,,,,-77.0,,-88.0,,,,,,,,,,,,,,-76.0,,-85.0,-84.0,,,,,-64.0,,,-90.0,,,,,-71.0,,,,,,,,,,,,,,,,,,,,,,,-80.0,,,,,,,,,-80.0,,-82.0,-69.0,,,,,,,,,,,,-64.0,,,,,,,,,,-84.0,,,,,,,,-82.0,,,,,,,,,,,-79.0,,-85.0,,,,,,-64.0,,,-70.0,,-64.0,-71.0,,,,,,,,,,,,-71.0,-77.0,-78.0,,,,-76.0,-74.0,,,-70.0,,,,,,,,-82.0,,-80.0,,,,,,,,,,,,,,,-64.0,,
160.373,3,43.71846379276843,10.421886076511067,-80.0,-80.0,-60.0,-71.0,,,,,,,,,,,,,,,,,,,,,,,,-69.0,,,,,,,,,,,,,,,,,,,,,,-60.0,,,,,,,,,,,,,,,,,,,,,,-84.0,,,,,,,,-60.0,,,,,,,,-84.0,,,,,,,,,,,,,,,,,-88.0,-92.0,,,,,,,,,,,,,,,,,-69.0,,,,,,,,,,,,-60.0,,,,,,,,,,,,,,,,,,,,,,,,,,,,,,,,,,,,,-61.0,,,-68.0,,-61.0,-70.0,,,,,,,-87.0,,,,,-70.0,,-85.0,,,,,,,,-69.0,,,,,,,,,,,,,,,,,,-88.0,,,,,,,-60.0,,
164.423,2,43.71843741699814,10.421840832845884,-84.0,,-54.0,-54.0,,,,,,-91.0,,,,,,,,,,,,,,,,,,-54.0,,,,,,,,,-84.0,,,,,,,,-73.0,,,,,-54.0,,,,,-87.0,,,-86.0,,,,,,,,,-93.0,,,,,,,-90.0,,,,,,-55.0,,,,,,,,-87.0,,,,,,,,,,,,,,,,,,,,,,,,,,,,,,,,,,,-54.0,,,,,,,,,,,,-54.0,-87.0,,,,,,,,,-92.0,,,,,,,,,,,,-88.0,,,,,,,,,,,,,,,-54.0,,,-53.0,,-55.0,-54.0,,,,,,,,,,,,-54.0,,,,,,,,,,-53.0,,,,,,,,,,,,,,,,,,,,,,-90.0,,,-53.0,,
168.387,2,43.71841104122785,10.4217955891807,,,-51.0,-46.0,,,,,,,,,,,,,,,,,,,,,,,,-46.0,,,,,,,,,-89.0,,,,,,,,,,,,,-52.0,,,,-87.0,-81.0,,,-79.0,,,,,,,,,-89.0,,,,,,,-84.0,,,,,,-53.0,,,,,,,,,,-90.0,,,,,,,,,,-86.0,,,,-89.0,,,,,,,,,,-86.0,,,,,,,,,-47.0,,,,,,,,,,,,-51.0,-81.0,,,,,,,,,,,,,,,,,,,,,-82.0,,,,,,,,,,,,,,,-50.0,,,-48.0,,-53.0,-47.0,,-93.0,,,,,,,,,-85.0,-47.0,,,,,,,,,,-47.0,,,,,,,,,,,,,,,,,,,,,,,,,-52.0,,
172.403,2,43.718384665457556,10.421750345515516,,,-41.0,-44.0,,,,,,,,,,,,,,,,,,,,,,,,-46.0,,,,,,,,,-89.0,,,-84.0,,,,-89.0,,,,,,-41.0,,,,,,,,,,,,,,,,-78.0,,,,,,,,-83.0,,,,,,-41.0,,,,,,-87.0,,,,,,,,,,,,,,,,,,,,,,,,,,,,,,,,,-85.0,,,,-47.0,,,,,,,,,,,,-41.0,-81.0,,,,,,,,,,,,,,,,,,,,,,,,,,-86.0,,,,,,-90.0,,,,-40.0,,,-48.0,,-41.0,-47.0,,,,,,,,,,,,-44.0,,,,,,,,,,-44.0,,,,,,,,,,,,,,,,,,,,,,,-79.0,,-41.0,,
176.372,1,43.71835828968727,10.421705101850334,,,-50.0,-46.0,-85.0,,,,,,,,,,-81.0,,,,,,,,,,,,,-46.0,,,,,,,,,-85.0,,,-84.0,,,,,,,,,,-51.0,,,,-86.0,-76.0,,,-76.0,,,,,,,-84.0,-82.0,-87.0,,,,,,,-83.0,,,,,,-49.0,,-86.0,,,,,,,,-90.0,,,,,,,,,,-85.0,,,,,,,,,,,,,,-87.0,,,,,,,-86.0,-91.0,-47.0,,-89.0,,,,,,,,,,-53.0,-73.0,,,,,,-87.0,,,,,,,,,,,,,,,-76.0,-88.0,,,,,,,,,,,,,,-45.0,,,-48.0,,-50.0,-47.0,,,,,,,,,,,,-46.0,,,,,,,,,,-47.0,,,,,,,,,,,,,,,,,,,,,,,-80.0,,-46.0,,
180.396,1,43.71833191391698,10.421659858185151,,,-58.0,-54.0,-88.0,-68.0,,,,,,,,,,,,,,,,,,,,,,-55.0,,,,,,,,,-83.0,,,-84.0,,,,,,,,,,-53.0,,,,-89.0,-75.0,,,-75.0,,,,,,-68.0,-73.0,-81.0,-89.0,,,,,,,,-92.0,,,,,-57.0,,-86.0,,,,,,,,,,,,,,,,-90.0,,,,,,-90.0,,,,-87.0,,,,,-90.0,-89.0,,,,,-66.0,,-74.0,,-55.0,,,,,,,,-71.0,,,,-53.0,-74.0,,,,-68.0,,,,,-92.0,,,,,-90.0,,,,,-67.0,,-74.0,,,,,,-66.0,,,,,,,,,-51.0,,,-56.0,,-56.0,-55.0,,,,-71.0,,,,,,,,-54.0,,,,,,,,,,-55.0,,,,,,,,,-87.0,-92.0,,,,,,,,,,,,,,,-51.0,,
184.38,0,43.71830553814668,10.421614614519967,,,-62.0,-56.0,,,,,,,,,,,,,,,,,,,,,,,,-56.0,,,,,,,,,-84.0,,,-85.0,,,,,,,,,,-61.0,,,,,-82.0,,,-82.0,,,,,,,-73.0,,,,,,,,,-86.0,,,,,,-59.0,,,,,,,,,,,,,,,,,,,,,,,,,,,,,,,,,,,,,,,,,-74.0,,-57.0,,,,,,,,-73.0,,,,-54.0,-82.0,,,,-72.0,,,,,,,,,,,,,,,-72.0,,-81.0,,,,,,,,,,,,,,,-56.0,,,-58.0,,-60.0,-56.0,,,,-73.0,,,,,,,,-56.0,,,,,,,,,,-58.0,,,,,,,,,,,,,,,,,,,,,,,,,-53.0,,
188.38,0,43.71827916237639,10.421569370854783,,,-70.0,-68.0,,-73.0,,,,,,,,,,,,,,,,,,,,,,-68.0,,,,,,,,,-85.0,,,-89.0,,,,,,,,,,-69.0,,,,,-73.0,,,-74.0,,,,,,-71.0,-68.0,,,,,,,,,-90.0,,,,-91.0,,-69.0,,,,,,-91.0,,,,,,,,,,,,,,,,,,,,,,,,,,,,,,,,,-74.0,,-68.0,,-69.0,,,,,,,,-67.0,,,,-68.0,-74.0,,,,-68.0,,,,,,,,,,,,,,,-71.0,,-73.0,,,,,,-68.0,,,,,,,,-96.0,-68.0,,,-70.0,,-69.0,-68.0,,,,-68.0,,,,,,,,-69.0,,,,,,,,,,-70.0,,,,,,,,,,,,,,,,,,,,,,,,,-68.0,,
192.392,0,43.7182527866061,10.4215241271896,,,-79.0,-80.0,,-54.0,,,,,,,,,,,,,,,,,,,,,,,,,,,-89.0,,,-85.0,,,,,,,,-77.0,,,,,,-79.0,,,,,-66.0,,,-67.0,,,-85.0,,,-55.0,-65.0,-86.0,,,,,,,,,,,,-88.0,,-79.0,,,,,,-80.0,,,,,,-88.0,,,,,,,,,,,,,,,,-84.0,,,,,,,,,-86.0,-85.0,-58.0,,-64.0,,-82.0,,-84.0,,,,,,-65.0,,,,-79.0,-67.0,-84.0,-86.0,,-53.0,,,,,,,,,,,,,,,-58.0,,-68.0,-91.0,,,,-82.0,-56.0,,-78.0,,,-78.0,,,-80.0,,,,,,-79.0,-80.0,,,,-65.0,,-84.0,,,,-89.0,,-81.0,,,,,,,,,,-83.0,,,,,,-87.0,,,,,,,,,,,,,,,,,,,-84.0,,
59.81,0,43.718275394409204,10.421562907474044,,,,-88.0,,-31.0,,-88.0,,,,,,,,,-68.0,,,,,,,,,,,,,-83.0,,-85.0,,,,,,,,,,,,-64.0,,,-84.0,,,,,,,,-79.0,,,-79.0,,,,,,-31.0,-35.0,,,-91.0,,,,,-91.0,,,,,-68.0,,,,,,,,-64.0,,,,,,,-85.0,,,-83.0,,,,,,,,,,,,,,,,,,,,,-88.0,,-31.0,,-35.0,,-87.0,,,,,,-85.0,-87.0,-36.0,,,,,-79.0,-68.0,,,-32.0,,,,,,,,,,,,,,,-31.0,,-79.0,,-92.0,,,-63.0,-32.0,,-64.0,,-74.0,-64.0,,-83.0,-63.0,,,,-88.0,,-86.0,,,,,-35.0,,-68.0,,,,-90.0,,-87.0,,,,,,,,,,,,,,,,,,,,,,,,,,,,,,,,,,,,,
65.814,0,43.718298002212315,10.421601687758486,,,-87.0,-84.0,,-40.0,,,,,,,,,,,-82.0,,,,,,,,,,,-83.0,,,,,,,,,-84.0,,,-85.0,,,,-75.0,,,,,,-88.0,,,,,-79.0,,,-79.0,,,,,,-40.0,-50.0,-89.0,,,,,,,,-84.0,,,,-83.0,,,,,,,,-73.0,,,,,,,,,,,,,,,,,,,,,,,,,,,,,,,,,-40.0,,-50.0,,-84.0,,,,,,,,-50.0,,,,,-79.0,-83.0,,,-40.0,,,,,,,,,,,,,,,-45.0,,-80.0,,,,,-73.0,-40.0,,-73.0,,,-74.0,,,-72.0,,,,-84.0,,,-84.0,,,,-50.0,,-84.0,,,,,,-83.0,,,,,,,,,,-85.0,,,,,,,,,,,,,,,,,,,,,,,,,-86.0,,
69.798,1,43.718320610015425,10.421640468042929,,,-83.0,-81.0,,-50.0,,,,,,,,,,,,,,,,,,,,,,-82.0,,,,,,,,-86.0,-84.0,,,-83.0,,,,-78.0,,,,,,-84.0,,,,,-73.0,,,-72.0,,,-84.0,,,-51.0,-63.0,-84.0,,,-85.0,,,,,-84.0,,,,,,-83.0,,,,,,-77.0,,,,,,,,,,,,,,,,,,,,,,-86.0,,,,,,,,,,-85.0,-50.0,,-62.0,,-81.0,,-87.0,,,,,,-63.0,,,,,-73.0,-91.0,,,-50.0,,,,,,,,,,,,,,,-51.0,,-72.0,,,,,-84.0,-50.0,,-81.0,,,-81.0,,,,-86.0,,,-83.0,,-82.0,-81.0,,,-86.0,-62.0,,-89.0,,,,,,-81.0,,,,,,,,,,-82.0,,,,,,,,,,,,,,,,,,,,,,,,,,,
73.789,1,43.71834321781853,10.421679248327372,,,-75.0,-73.0,,-57.0,,,,,,,,,,,,,,,,,,,,,,-74.0,,,,,,,,,-80.0,,,-79.0,,,,-86.0,,,,,,-72.0,,,,,-75.0,,,-74.0,,,,,,-60.0,-72.0,,,,-92.0,,,,,-80.0,,,,,,-74.0,,,,,,,,,,,,,,,,,,,,,,,,,,,,,,,,,,,,,,,-63.0,,-71.0,,-73.0,,,,,,,,-70.0,,,,-70.0,-76.0,,,,-53.0,,,,,,,,,,,,,,,-61.0,,-73.0,,,,,-88.0,-66.0,,-87.0,,,-87.0,,,,-72.0,,,-74.0,,-72.0,-74.0,,,,-72.0,,,,,,,,-74.0,,,,,,,,,,-74.0,,,,,,,,,,,,,,,,,,,,,,,,,-69.0,,
77.83,1,43.71836582562163,10.421718028611815,,,-61.0,-61.0,,-64.0,,,,,,,,,,,,,,,,,,,,,,-62.0,,,,,,,,,,,,,,,,,,,,,,-60.0,,,,,-73.0,,,-74.0,,,,,,-64.0,-75.0,,,,,,,,,,,,,,,-60.0,,-89.0,,,,-91.0,,,,,,,,,,,,,,,,,,,,,,,,,,,,,,,,,-63.0,,-75.0,,-61.0,,,,,,,,-74.0,,,,-60.0,-74.0,,,,-62.0,,,,,,,,,,,,,,,-62.0,,-73.0,-88.0,,,,,-63.0,,-90.0,,,,,,-93.0,-60.0,,,-67.0,,-61.0,-62.0,,,,-75.0,,,,,,,,-62.0,,,,,,,,,,-68.0,,,,,,,,,,,,,,,,,,,,,,,,,-59.0,,
81.787,2,43.71838843342474,10.421756808896257,,,-49.0,-51.0,,-65.0,,,,,,,,,,,,,,,,,,,,,,-51.0,,,,,,,,,-80.0,,,-80.0,,,,,,,,,,-48.0,,,,,-77.0,,,-78.0,,,,-78.0,,-65.0,-83.0,-82.0,,,,,,,,-80.0,,,,,,-48.0,,,,,,,,,,,,,,,,,,,,,,,,,,,,,,,,,,,,,,,-64.0,,-85.0,,-51.0,,,,,,,,-83.0,,,,-48.0,-76.0,,,,,,,,,,,,,,,,,,,-64.0,,-81.0,-90.0,,,,,-64.0,,,,,,,,-90.0,-49.0,,,-52.0,,-48.0,-51.0,,,,-83.0,,,,,,,,-51.0,,,,,,,,,,-52.0,,,,,,,,,,,,,,,,,,,,,,,,,-48.0,,
85.82,2,43.71841104122785,10.4217955891807,,,-46.0,-46.0,,-80.0,,,,,-84.0,,,,,,,,,,,,,,,,,-45.0,,,,,,,,,-83.0,,,-82.0,,,,,,,,,,-48.0,,,,,-73.0,,,-74.0,,,,-72.0,,-81.0,,-82.0,,,,,,,,-84.0,,,,,,-45.0,,-87.0,,,,,,,,,,,,,,,,,,,,,,,,,,,,,,,,,,,,,,,,,-46.0,,,,,,,,,,,,-46.0,-73.0,,,,-85.0,,,,,,,,,,,,,,,-80.0,,-74.0,,,,,,,,,,,,,,,-46.0,,,-44.0,,-45.0,-46.0,-86.0,,,,,,,,,,,-46.0,,,,,,,,,,-46.0,,,,,,,,,,,,,,,,,,,,,,,,,-45.0,,
89.784,2,43.718433649030956,10.421834369465143,,,-46.0,-41.0,,,,,,-88.0,,,,,,,,,,,,,,,,,,-40.0,,,,,,,,,-84.0,,,-82.0,,,,,,,,,,-48.0,,,,-88.0,-73.0,,,-74.0,,,,,-82.0,,,,-86.0,,,,,,,-84.0,,,,,,-47.0,,-87.0,,,,-88.0,,,,,,,,,,,,,,,,,,,,,,-89.0,,-84.0,,,,-86.0,,,,,-91.0,,,,-42.0,,,,,,,,,,,-83.0,-47.0,-76.0,,,,,,-86.0,,,,,,,,-84.0,,,-93.0,,,,-71.0,,,,,,,,,,,,,,-88.0,-44.0,,,-41.0,,-47.0,-41.0,,,,,,,,,,,,-41.0,,-86.0,,,,,,,,-42.0,,,,,,,,-92.0,,,,,,,,,,,,,,,,,-46.0,,
93.786,3,43.71845625683406,10.421873149749585,,,-41.0,-40.0,,,,,,,,,,,,,,,,,,,,,,,,-39.0,,,,,,,,,-84.0,,,-84.0,,,,-85.0,,,,,,-41.0,,,,,-75.0,,,-75.0,,,,,-84.0,,,-69.0,,,,,,,,-84.0,,,,,,-41.0,,-88.0,,,,-84.0,,,,-83.0,,-85.0,,,,,,,,-86.0,,,,,,,,,,-81.0,,,,,,,,,,,,,-39.0,,,,,,,,,,,-82.0,-41.0,-76.0,,,,-92.0,,,,,,,,,,,,,,,,,-74.0,-89.0,,,,,,,-86.0,,,-86.0,,,,-40.0,,,-38.0,,-42.0,-40.0,-84.0,,,,,,,,,,,-40.0,,-89.0,,,,,,,,-39.0,,,,,,,,,,,,,,,,,,,,-90.0,,,,,-40.0,,
97.796,3,43.71847886463717,10.421911930034028,,,-43.0,-44.0,-81.0,,,,,-81.0,,,,,,,,,,,,,,,,,,-44.0,,,,,,,,,-84.0,,,-84.0,,,,,-85.0,,,,,-43.0,,,,-80.0,-75.0,,,-75.0,,,,,-86.0,,,-70.0,-80.0,,,,,,,-84.0,,,,,,-42.0,,,,,,,,,,,,,,,,,,,,-86.0,,,,-81.0,,,,,,,,,,-81.0,,,,,,,,,-44.0,,,,-91.0,,,,,,,,-42.0,-76.0,,,,,,-80.0,,,,,,,,,,,,,,,-76.0,-93.0,,,,,,,,,,,,,,-42.0,,,-45.0,,-42.0,-44.0,,,,,,,,,,,,-44.0,,-85.0,,,,,,,,-44.0,,,,,,,,,,,,,,,,,,,,-91.0,,,,,-42.0,,
101.772,3,43.71850147244028,10.421950710318471,-82.0,-88.0,-55.0,-49.0,,,,,,,,,,,,,,,,,,,,,,,,-48.0,,,,,,,,,,,,,,,,,-78.0,,,,,-54.0,,,,,,-80.0,,,,,,,,,,-82.0,,,,,,,,,,,,,,-54.0,-86.0,,,,,,,,,,,,,,,,,,,,,,,,,,,,,,-87.0,,,,,,,,,-87.0,,,-48.0,,,,,,,,,,,,-54.0,,,,,,,,,,,,,,,,,,,,,,,,,,,,,,,,,,,,,-54.0,,,-49.0,,-54.0,-49.0,,,,,,,,,,,,-49.0,-84.0,-80.0,,,,,-80.0,,,-48.0,,,,,,,,,,,,,,,,,,,,,,,,,-54.0,,
105.764,4,43.718524080243384,10.421989490602915,-86.0,,-56.0,-56.0,-87.0,,,,,,,,,,,,,,,-87.0,,,,,,,,-54.0,,,,,,,,,,,,,,,,,-86.0,,,,,-56.0,,,,,,-83.0,,,,,,,,,,,,,,,,-83.0,,,,,,,,-55.0,,,,,-85.0,,,,,,,,,,,,,,,,,,,,,,,,,,,,,,,,,,,,,,-53.0,,,,,,,,,,,,-56.0,,,,,,,-88.0,,,,,,,,,,,,,,,,,,,,,,,,,,,,,,-58.0,,,-54.0,,-56.0,-54.0,,,,,,,,,,,,-56.0,,-76.0,,,,-81.0,-83.0,,,-53.0,,,,,,,,,,,,,,,,,,,-86.0,-88.0,,,,,-56.0,,
109.772,4,43.71854668804649,10.422028270887356,-74.0,-81.0,-66.0,-66.0,,,,,,,,-78.0,,,,,,,,,,-79.0,,,,,,-66.0,,,,,,,,,,,,,,-91.0,,,,,,,,-66.0,,,,,,-75.0,,,-84.0,,,,,,,,,,,,,-75.0,,-85.0,,,,,,-67.0,-87.0,,,,,,,-73.0,,,,-76.0,,,,,,,,-77.0,,,,,,,,,,,-78.0,,-76.0,,,,,,,-85.0,,,-66.0,,,,,,,,,,,,-64.0,-88.0,,,,,,,,,,,,,,,,,-89.0,,,,,,,,,,,,,,,,,,,-66.0,,,-66.0,,-67.0,-66.0,,,,,,,,,,,,-66.0,-79.0,-73.0,,,,-76.0,-78.0,,,-66.0,,,-77.0,,,,,,,,,,,,,,,,,-80.0,,,,,-66.0,,
113.787,4,43.7185692958496,10.4220670511718,-73.0,-75.0,-70.0,-69.0,,,,,,,,-70.0,-76.0,-86.0,-79.0,,,,,,,-67.0,,,,,,-68.0,-91.0,,,,,-86.0,,,,,,,,-83.0,,,,-90.0,,,,-70.0,,-92.0,,,-87.0,-70.0,-90.0,-90.0,-83.0,,,,,,,,-79.0,,,,,-78.0,,,,,,,,-73.0,-83.0,,,,,,,-70.0,-93.0,,,,,,,,,,-89.0,,,,,,-74.0,-85.0,,,,,-72.0,,,-79.0,,-89.0,,,,-78.0,,,-68.0,,,,-71.0,,,,,,,,-71.0,,,,-91.0,,,-79.0,,,,,-87.0,,,,,-90.0,-87.0,,,,,,,,,,,,,,,,,,,-67.0,,,-69.0,,-70.0,-69.0,,,,,,,,,,,,-69.0,-69.0,-71.0,,,-91.0,-68.0,-70.0,,,-68.0,,,,,,,,-85.0,,-87.0,,,,,,,,,,,,,,,-71.0,,
143.365,4,43.71854292007931,10.422021807506617,-64.0,-63.0,-65.0,-67.0,-51.0,,,,,-52.0,,-62.0,,,,,,-63.0,,,,-63.0,-85.0,,,,,-67.0,-75.0,,-82.0,,,,,,,-73.0,,,,-83.0,,,,-69.0,,-84.0,-85.0,-66.0,,-75.0,-70.0,-52.0,,-62.0,-75.0,,-89.0,,,,,,,,-52.0,,,,,,,,-55.0,-76.0,-83.0,,-73.0,-65.0,,,,-85.0,,,,-59.0,-76.0,,,,,,,,-71.0,-55.0,,,-75.0,-85.0,,-52.0,,,-62.0,,,,-60.0,,,-52.0,,-75.0,,,,-62.0,,-54.0,-68.0,,,,,-83.0,,,,-84.0,,,-65.0,,,,-76.0,,,-52.0,-76.0,-88.0,-55.0,,,,,,-62.0,-76.0,-54.0,-88.0,,-74.0,,,,,,,,-60.0,,,,,,,,-65.0,,-77.0,-68.0,,-65.0,-68.0,,,,,,,-61.0,-85.0,,,,-67.0,-63.0,-64.0,-86.0,-72.0,-77.0,-60.0,-60.0,,,-68.0,,,,-83.0,-76.0,,,-55.0,,-54.0,-78.0,-84.0,-72.0,,-86.0,,-87.0,,,,-62.0,,,,-65.0,,-63.0
149.79,4,43.71851654430901,10.421976563841433,-66.0,-65.0,-61.0,-68.0,,,,,,-78.0,,-72.0,-79.0,,,,,,,,,-68.0,,,,,,-67.0,-87.0,,,,,,,,,,,,,,,,,,,,,-62.0,,,,,,-69.0,,,,,,,,,,,-79.0,,,,,-71.0,,,-76.0,,,,,-62.0,,,,,,,,-64.0,,,,,,,,,,-75.0,,,,,,,,,,,,,-73.0,,,-80.0,,,,,,-75.0,,,-68.0,,,,,,,,,,,,-63.0,,,,,,,-80.0,,,,,,,,,,,-75.0,,,,,,,,,,,,,-79.0,,,,,,-65.0,,,-68.0,,-61.0,-68.0,,,,,,,-77.0,,,,,-68.0,-67.0,-74.0,,,,-68.0,-69.0,,,-68.0,,,,,,,,-75.0,,,,,,,,,,,,,,,,,-64.0,,
153.78,3,43.71849016853872,10.421931320176249,-67.0,,-60.0,-66.0,,,,,,,,,,,,,,,,,,-77.0,,-98.0,,,,-67.0,,,,,,,,,,,,,,,,,,,,,,-60.0,,,,,-83.0,-80.0,,,,,,,,,,,-86.0,,,,,-78.0,,,,,,,,-60.0,,,,,,,,-80.0,,,,-76.0,,,,,,,,-75.0,,,,-88.0,-82.0,,,,,,,,-76.0,,,,,,,,,,-67.0,,,,,,,,,,,,-60.0,,,,,,,,,,,,,,,,-81.0,,-83.0,,,,,,,,,,,-79.0,,-79.0,,,,,,-61.0,,,-68.0,,-60.0,-67.0,,,,,,,,,,,,-65.0,,-76.0,,,,,,,,-68.0,,,,,,,,-82.0,,,,,,,,,,,,,,,-77.0,-80.0,-60.0,,
157.805,3,43.71846379276843,10.421886076511067,-79.0,,-70.0,-73.0,,,,,,,,,,,,,,,,,,-86.0,,,,,,-72.0,,,,,,,,,,,,,,,,,-89.0,,,,,-70.0,,,,,,,,,,,,,,,,,,,,,,-86.0,,,-90.0,,,,,-70.0,,,,,,,,-87.0,,,,,,,,,,,,,,,,,,,,,,,,,,,,,,,,,,,-72.0,,,,-84.0,,,,,,,,-70.0,,,,,,,,,,,,,,,,-85.0,,,,,,-83.0,,,,,,,-84.0,,-89.0,,,,,,-70.0,,,-72.0,,-71.0,-72.0,,,,,,,-89.0,,,,,-64.0,,-81.0,,,,,,,,-72.0,,,,,,,,,,,,,,,,,,,,-87.0,,,,,-64.0,,
161.775,2,43.71843741699814,10.421840832845884,-83.0,,-58.0,-56.0,-90.0,,,,,,,,,,,,,,,,,,,,,,,-56.0,,,,,,,,,-91.0,,,-84.0,,,,,-82.0,,,,,-58.0,,,,,-89.0,,,-89.0,,,,,,,,-87.0,,,,,,,,-85.0,,,,,,-58.0,,,,,,,,-91.0,,,,-94.0,,,,,,,,,,,,,,,,,,,,,,,,,,,,,,,-56.0,,,,,,,,,,,,-58.0,-88.0,,,,,,,,,,,,,,,,,,,,,-89.0,,,,,,,,,,,,,,,-58.0,,,-57.0,,-58.0,-56.0,,,,,,,,,,,,-55.0,,,,,,,,,,-56.0,,,,,,,,,,,,,,,,,,,,,,,,,-56.0,,
165.785,2,43.71841104122785,10.4217955891807,,,-46.0,-46.0,-87.0,,,,,,,,,,,,,,,,,,,,,,,-46.0,,,,,-83.0,,,,-85.0,,,-83.0,,,,,,,,,,-46.0,,,,,-82.0,,,-81.0,,,,,,,,-83.0,-89.0,,,,,,,-83.0,-89.0,,,,,-46.0,,,,,,-84.0,,,,,,-86.0,,,,,,-89.0,,,,,,,,,,,,-86.0,,,,,,,,,,,,,-46.0,,,,,,,,,,,-88.0,-46.0,-83.0,,,,,,-90.0,,,,,,,,-86.0,,,,,-88.0,,,,,,,,,-91.0,-91.0,,,,,,,-46.0,,,-46.0,,-46.0,-46.0,,,,,,,,,,,,-47.0,,,,,,,,,,-46.0,,,,,,,,,,,,,,,,,,,,,,,,,-45.0,,
169.779,2,43.718384665457556,10.421750345515516,,,-38.0,-35.0,,-89.0,,,,,-85.0,,,,,,,,,,,,,,,,,-34.0,,,,,-82.0,,,-90.0,-82.0,,,-84.0,,,,,,,,,,-38.0,,,,,-78.0,,,-79.0,,,,,,,,-78.0,,,,,,,,-84.0,,,,,,-38.0,,,,,,,,,,,,,,,,,,,,-79.0,,,,,,,,,,,,-92.0,,,,,,,,,,,-35.0,,-91.0,,,,,,,,,,-38.0,,,,,-85.0,,,,,,,,,,-86.0,,,,,,,-80.0,,,,,-85.0,,-91.0,,,,,,,,-38.0,,,-35.0,,-38.0,-35.0,,,-89.0,,,,,,,,,-35.0,,,,,,,,,,-35.0,,,-84.0,,,,,,,,,,,,,,,,,,,-81.0,,-81.0,-37.0,,
173.865,1,43.71835828968727,10.421705101850334,,,-46.0,-43.0,-85.0,-81.0,,,,,,,,,,,,,,,,,,,,,,-43.0,,,,,,,,,-83.0,,,-84.0,,,,-82.0,,,,,,-45.0,,,,-92.0,-77.0,,,-78.0,,,,,,-79.0,-78.0,-76.0,,,,,,,,-84.0,-88.0,,,,,-46.0,,,,,,-84.0,,,,,,-79.0,,,,,,,,-82.0,,,,-84.0,,,,-83.0,,,,,,,,,,-83.0,-80.0,,-78.0,,-44.0,,-85.0,,,,,,-78.0,,,,-44.0,,,,,-77.0,,,,,,,,,,,,,,,,,-80.0,,,,,-82.0,-78.0,,,,,-82.0,,,,-44.0,,,-43.0,,-45.0,-44.0,,,-85.0,-78.0,,,,,,,,-44.0,,,,,,,,,,-43.0,,,,,,,,,,-89.0,,,,,,,,,,,,,,-81.0,-44.0,,
177.81,1,43.71833191391698,10.421659858185151,,,-50.0,-50.0,,-77.0,,,,,-89.0,,,,,,,,,,,,,,,,,-51.0,,,,,-89.0,,,-86.0,-91.0,,,-88.0,,,,,,,,,,-49.0,,,,,-70.0,,,-77.0,,,-86.0,,,-76.0,-77.0,-78.0,,,-87.0,,,,,-88.0,-89.0,,,,,-50.0,,-83.0,,,,,,,,-82.0,,-87.0,,,,,,,,-86.0,,,,,,,,-86.0,,,,,,,,,,,-76.0,,-77.0,,-51.0,,-86.0,,,,,,-77.0,,,,-50.0,-69.0,,,,-73.0,,,,,,,,,,,,,,,-72.0,,-70.0,,,,,-86.0,-76.0,,-91.0,,,,,,,-49.0,,,-50.0,,-50.0,-50.0,-82.0,,-85.0,-78.0,,,,,,,-81.0,-51.0,,,,,,,,,,-50.0,,,,,,,,,-86.0,,,,,,,,,,,,,,,,-49.0,,
181.78,0,43.71830553814668,10.421614614519967,,,-64.0,-62.0,,-73.0,,,,,,,,,,,,,,,,,,,,,,-61.0,,,,,,,,,-86.0,,,-84.0,,,,,,,,,,-64.0,,,,,-79.0,,,-82.0,,,,-78.0,,-71.0,-70.0,-78.0,,,,,,,,-87.0,,,,,,-66.0,,,,,,,,,,,,,,,,,,,,-90.0,,,,,,,,,,,,,,,,,,,-71.0,,-70.0,,-61.0,,,,,,,,-70.0,,,,-63.0,-78.0,,,,-75.0,,,,,,,,,,,,,,,-76.0,,-83.0,,,,,,-72.0,,,,,,,,,-62.0,,,-62.0,,-64.0,-62.0,,,,-70.0,,,,,,,,-61.0,,,,,,,,,,-61.0,,,,,,,,,,,,,,,,,,,,,,,,,-64.0,,
185.8,0,43.71827916237639,10.421569370854783,,,-73.0,-76.0,,-62.0,,,,,,,,,,,-92.0,,,,,,,,,,,-77.0,,,,,,,,-89.0,-81.0,,,-81.0,,,,,,,,,,-72.0,,,,,-75.0,,,-75.0,,,,,,-63.0,-60.0,-88.0,,,,,,,,-81.0,,,,,,-74.0,,,,,,,,,,,,,,,,,,,,,,,,,,,,,,,,,,,,,,,-57.0,,-60.0,,-77.0,,,,,,,,-58.0,,,,,-74.0,-90.0,,,-63.0,,,,,,,,,,,,,,,-58.0,,-75.0,-93.0,,,,-86.0,-63.0,,,,,,,,,,,,-77.0,,-72.0,-76.0,,,,-60.0,,-89.0,,,,,,-76.0,,,,,,,,,,-77.0,,,,,,,,,,,,,,,,,,,,,,,,,-72.0,,
189.797,0,43.7182527866061,10.4215241271896,,,,-81.0,,-54.0,,,,,,,,,,,-87.0,,,,,,,,,,,-81.0,,,,,,,,,-85.0,,,-89.0,,,,-81.0,,,,,,-81.0,,,,,-75.0,,,-76.0,,,,,,-66.0,-50.0,-84.0,,,,,,,,,,,,-87.0,,,,,,,,,,,,,,-86.0,,,,,,,,,,,,-93.0,,,,,,,,,,,,,,,-53.0,,-53.0,,-81.0,,,-92.0,,,,,-50.0,,,,,-74.0,-87.0,,,-54.0,,,,,,,,,,,,,,,-54.0,,-76.0,,,,,-83.0,-55.0,,-85.0,,,-86.0,,,-82.0,-83.0,,,-81.0,,-80.0,,,,,-52.0,,-86.0,,,,,,-80.0,,,,,,,,,,-81.0,,,,,,,,,,,,,,,,,,,,,,,,,,,
61.18,0,43.71827256843382,10.421558059938489,,,,-85.0,,-34.0,,,,,,,,,,-74.0,-62.0,,,,,,,,,,-88.0,-84.0,,-81.0,,-82.0,,,,,-85.0,,-88.0,-85.0,,,,-60.0,,,-74.0,,,-85.0,,,,,-83.0,,,,,,,,,-34.0,-38.0,-90.0,,-85.0,,,,,-85.0,-83.0,,,,-63.0,,,,,,,,-59.0,-79.0,,,,,,-77.0,,,-82.0,,,,,,,,,,,,,,,,,,,,,,,-34.0,,-38.0,,-85.0,,,,,,,,-37.0,,,,-84.0,-79.0,-62.0,,,-32.0,,,,,,,,,-79.0,,,,,,-33.0,,,,-86.0,,,-61.0,-33.0,,-59.0,,-77.0,-62.0,,-81.0,-59.0,-86.0,,,-84.0,,,-84.0,,,,-38.0,,-62.0,,,,,,,,,,,,,,,,-83.0,,,,,,,,,,,,,,-86.0,,,,,,,,,,,,,
65.68,0,43.718292350261535,10.421591992687375,,,,-85.0,,-34.0,,,,,,,,,,,-74.0,,,,,,,,,,,-84.0,,,,,,,,,-85.0,,,-88.0,,,,-74.0,,,,,,,,,,,-83.0,,,-83.0,,,,,,-36.0,-39.0,-85.0,,,,,,,,-84.0,,,,-75.0,,-86.0,,,,,,-70.0,,,,,,,,,,,,,,,,,,,,,,,,,,,,,,,,,-34.0,,-39.0,,-85.0,,,,,,,,-39.0,,,,,-83.0,-74.0,,,-35.0,,,,,,,,,,,,,,,-33.0,,-81.0,,,,,-75.0,-35.0,,-75.0,,-85.0,-70.0,,,-72.0,,,,-85.0,,-85.0,-85.0,,,,-39.0,,-74.0,,,,,,-86.0,,,,,,,,,,-85.0,,,,,,,,,,,,,,-64.0,,,,,,,,,,,,,
69.679,0,43.71831213208926,10.421625925436263,,,,-82.0,,-47.0,,,,,,,,,,,-83.0,,,,,,,,,,,-82.0,,,,,,,,,-83.0,,,-83.0,,,,-74.0,,,,,,,,,,,-78.0,,,-79.0,,,,,,-44.0,-59.0,-85.0,,,,,,,,-81.0,,,,-84.0,,,,,,,,-75.0,,,,,,,,,,,,,,,,,,,,,,,,,,,,,,,,,-50.0,,-59.0,,-81.0,,,,,,,,-59.0,,,,,-78.0,-83.0,,,-43.0,,,,,,,,,,,,,,,-45.0,,-79.0,,,,,-76.0,-51.0,,-75.0,,,-75.0,,,-75.0,,,,,,,,,,,-59.0,,-82.0,,,,,,-82.0,,,,,,,,,,-82.0,,,,,,,,,,,,,,-80.0,,,,,,,,,,,,,
73.68,1,43.71833191391698,10.421659858185151,,,,-77.0,-90.0,-52.0,,,,,,,,,,,,,,,,,,,,,,-78.0,,,,,,,-94.0,,-84.0,,,-83.0,,,,-82.0,,,,,,,,,,-89.0,-69.0,,,-69.0,,,,,,-52.0,-59.0,-78.0,-93.0,,,,,,,-83.0,,,,,,-74.0,,,,,,,,,,,,,,,,,,-93.0,,,,,,,,,,,,,,,,,,,,,-53.0,,-59.0,,-77.0,,,-92.0,,,,,-59.0,,,,-74.0,-70.0,-89.0,,,-48.0,,,,,,,,,,,,,,,-49.0,,-68.0,,,,,-84.0,-51.0,,-83.0,,,,,,,-77.0,,,-77.0,,-74.0,-77.0,,,,-59.0,,-89.0,,,,,,-77.0,,,,,,,,,,-77.0,,,,,,,,,,,,,,,,,,,,,,,,,-76.0,,
77.689,1,43.718351695744694,10.421693790934038,,,-56.0,-65.0,,-59.0,,,,,,,,,,,,,,,,,,,,,,-65.0,,,,,,,,,-83.0,,,-83.0,,,,-89.0,,,,,,-56.0,,,,,-75.0,,,-77.0,,,,,,-63.0,-62.0,,,,,,,,,-82.0,,,,,,-60.0,,,,,,,,,,,,,,,,,,,,,,,,,,,,,,,,,,,,,,,-61.0,,-62.0,,-65.0,,,,,,,,-62.0,,,,-60.0,-75.0,,,,-58.0,,,,,,,,,,,,,,,-61.0,,-77.0,,,,,,-61.0,,,,,,,,,-61.0,,,-65.0,,-60.0,-64.0,,,,-62.0,,,,,,,,-64.0,,,,,,,,,,-65.0,,,,,,,,,,,,,,,,,,,,,,,,,-60.0,,
81.671,1,43.71837147757241,10.421727723682926,,,-55.0,-59.0,,-66.0,,,,,,,,,,,,,,,,,,,,,,-60.0,,,,,,,,,-84.0,,,,,,,,,,,,,-56.0,,,,,-74.0,,,-73.0,,,,,,-67.0,-70.0,,,,,,,,,-84.0,,,,,,-60.0,,,,,,,,,,,,,,,,,,,,,,,,,,,,,,,,,,,,,,,-66.0,,-70.0,,-61.0,,,,,,,,-70.0,,,,-56.0,-75.0,,,,-65.0,,,,,,,,,,,,,,,-65.0,,-73.0,,,,,,-66.0,,,,,,,,,-57.0,,,-59.0,,-56.0,-60.0,,,,-70.0,,,,,,,,-59.0,,,,,,,,,,-61.0,,,,,,,,,,,,,,,,,,,,,,,,,-56.0,,
85.702,2,43.71839125940013,10.421761656431812,,,-54.0,-47.0,,-76.0,,,,,,,,,,,,,,,,,,,,,,-48.0,,,,,,,,,-84.0,,,-84.0,,,,,,,,,,-55.0,,,,,-78.0,,,-79.0,,,,,,,,,,,,,,,,-84.0,-89.0,,,,,-56.0,,,,,,,,,,-87.0,,,,,,,,,,,,,,,,,,,,,,,,,,,,,-70.0,,-81.0,,-48.0,,,,,,,,,,,,-53.0,-79.0,,,,-74.0,,,,,,,,,,,,,,,,,-81.0,,,,,,-75.0,,,,,,,,,-54.0,,,-48.0,,-54.0,-48.0,,,,-82.0,,,,,,,-86.0,-47.0,,,,,,,,,,-48.0,,,,,,,,,,,,,,,,,,,,,,,,,-53.0,,
89.678,2,43.71841104122785,10.4217955891807,-87.0,,-46.0,-47.0,-90.0,-84.0,,,,,,,,,,,,,,,,,,,,,,-48.0,,,,,,,,,-83.0,,,-82.0,,,,-92.0,,,,,,-47.0,,,,-91.0,-71.0,,,,,,,,,,,,-91.0,,,,,,,-84.0,,,,,,-47.0,,-85.0,,,,,,,,-87.0,,,,,,,,,,,,,,-90.0,,,,,,,,,,-90.0,,,,,-78.0,,,,-48.0,,,-92.0,,,,,,,,,-46.0,,,,,,,-89.0,,,,,,,,,,,,,,,,-87.0,,,,,,,,,,,,,,-46.0,,,-47.0,,-46.0,-48.0,,,,,,,,,,,,-47.0,,,,,,,,,,-47.0,,,,,,,,,,,,,,,,,,,,,,,,,-46.0,,
93.693,2,43.71843082305557,10.421829521929588,,,-44.0,-43.0,,,,,,,,,,,,,,,,,,,,,,,,-45.0,,,,,,,,,-83.0,,,-83.0,,,,,,,,,,-43.0,,,,,-72.0,,,-73.0,,,,,,,,-72.0,,,,,,,,-84.0,,,,,,-46.0,,,,,,,,,,-83.0,,,,,,,,,,-86.0,,,,,,,,,,-85.0,,,,,,,,,,,,,-45.0,,,,,,,,,,,,-43.0,-72.0,,,,,,,,,,,,,,,,,,,,,-72.0,,,,,,,,,,,,,,,-43.0,,,-44.0,,-43.0,-45.0,,,,,,,,,,,-84.0,-45.0,,,,,,,,,,-44.0,,,,,,,,,,,,,,,,,,,,,,,-87.0,,-43.0,,
97.685,3,43.71845060488329,10.421863454678475,,,-39.0,-39.0,,,,,,,,,,,,,,,,,,,,,,,,-39.0,,,,,,,,,-84.0,,,-83.0,,,,-88.0,,,,,,-39.0,,,,,,,,-76.0,,,,,,,,-71.0,,,,,,,,-84.0,-88.0,,,,,-38.0,,,,,,,,,,-78.0,,,,,,,,-85.0,,-83.0,,,,,,,,,,-79.0,-89.0,,-81.0,,,,,,,,,,-39.0,,,,,,,,,,,,-39.0,,,,,,,,,,,,,,,,,,,,,,,,,,,,,,-86.0,,,,,,,-39.0,,,-39.0,,-39.0,-39.0,,,,,,,-89.0,,,,,-39.0,,-93.0,,,,,,,,-39.0,,,,,,,,,,,,,,,,,,,,,,,,,-39.0,,
101.685,3,43.718470386711004,10.421897387427363,-90.0,,-49.0,-43.0,,,,,,,-87.0,,,,,,,,,,,,,,,,,-43.0,,,,,,,,,,,,-84.0,,,,,,,,,,-48.0,,,,,-78.0,,,,,,,,,,,-77.0,,,,,,,,-85.0,,,,,,-49.0,,,,,,,,,,-84.0,,,,,,,,,,-89.0,,,,,,,,,,-85.0,,,,,,,,,,,,,-43.0,,,,,,,,,,,,-47.0,-77.0,,,,,,,,,,,,,,,,,,,,,,-93.0,,,,,,,,,,,,,,-48.0,,,-44.0,,-48.0,-44.0,,,,,,,,,,,,-44.0,,,,,,,,,,-43.0,,,,,,,,,,,,,,,,-92.0,,,,-91.0,,,,,-47.0,,
105.7,3,43.71849016853872,10.421931320176249,,,-55.0,-51.0,,,,,,,,,,,,,,,,,,,,,,,,-50.0,,,,,,,,,,,,,,,,,-83.0,,,,,-54.0,,,,,-81.0,,,-82.0,,,,,,,,-84.0,,,,,,,,,,,,,,-54.0,,,,,,,,,,,,-87.0,,,,,,,,,,,,,,,,,,,,,,,,,,,,,,,-49.0,,,,,,,,,,,,-53.0,-81.0,,,,,,,,,,,,,,,,,,,,,-84.0,,,,,,,,,,,,,,,-53.0,,,-48.0,,-54.0,-51.0,,,,,,,,,,,,-51.0,,-82.0,,,,,-89.0,,,-48.0,,,,,,,,,,,,,,,,,,,-88.0,,,,,-87.0,-54.0,,
109.679,4,43.71850995036644,10.421965252925137,-82.0,-87.0,-59.0,-60.0,,,,,,,,-80.0,-89.0,,,,,,,,,-82.0,,,,,,-60.0,,,,,,,,,-86.0,,,-90.0,,,,,,,,,,-58.0,,,,,,-81.0,,,,,,,,,,-87.0,,,,,,-80.0,,-90.0,,,,,,-59.0,,,,,,,,-82.0,,,,,,,,,,,,,,,,,,,,,,,,,,,,,,,,-87.0,,,-60.0,,,,,,,,,,,,-58.0,,,,,,,,,,,,,,,,,,,,,,,,,,,,,-89.0,,,,,,,,-59.0,,,-59.0,,-58.0,-60.0,,,,,,,,,,,,-59.0,-82.0,-79.0,,,,-83.0,-85.0,,,-59.0,,,,,,,,,,,,,,,,,,,,-89.0,,,,,-59.0,,
113.669,4,43.71852973219416,10.421999185674025,-76.0,-86.0,-70.0,-68.0,-82.0,,,,,,,-79.0,-85.0,,,,,,,,,,,,,,,-74.0,,,,,-84.0,,,,,,,,,,,,,,,,,-70.0,,,,-84.0,,-78.0,,,,,,,,,,,,,,,,-79.0,,,,,,,,-71.0,,,,,,,,,,,,-84.0,,,,,,,,-84.0,,,,-84.0,,,,,,,,,,,,,,,,-83.0,,,-76.0,,,,,,,,,,,,-69.0,,,,,,,-88.0,,,,,,,,,,,,,,,,,,,,,,,,,,,,,,-69.0,,,-69.0,,-70.0,-70.0,,,,,,,,,,,,-67.0,-79.0,-77.0,,,,-79.0,-80.0,,,-71.0,,,-86.0,,,,,,,,,,,,,,,,-82.0,-86.0,,,,,-70.0,,
117.674,4,43.71854951402188,10.422033118422911,-70.0,-84.0,-76.0,-68.0,-83.0,,,,,,,-77.0,-78.0,-85.0,,,,,,,,-81.0,,,,,,-70.0,-88.0,,,,-84.0,,,,-91.0,,,,,-85.0,,,,,,,,-77.0,,-89.0,,,,,-90.0,,-85.0,,,,,,,,-82.0,,,,,,,,,,,,,-76.0,-86.0,,,,,,,,-90.0,,,-83.0,,,,,,-89.0,,-82.0,,,,,,-83.0,,,,,,,,,,-87.0,,,,-73.0,,,-71.0,,,,,,,,,,,,-77.0,,,,-89.0,,,-83.0,,,-88.0,,,,,,,-88.0,-89.0,,,,,,,,,,,-74.0,,,,,,,,-77.0,,,-71.0,,-76.0,-69.0,,-83.0,,,,,-73.0,,,,,-69.0,-79.0,-68.0,,,-88.0,,-79.0,,,-71.0,,,,,,,,,,,,,,,,,,,,-74.0,,,,,-78.0,,
121.681,4,43.7185692958496,10.4220670511718,-65.0,-72.0,-72.0,-71.0,,,,,,,,-74.0,-72.0,,,,,,,,,-67.0,,,,,,-70.0,-86.0,,,,,,,,,,,,,-81.0,,,,,,,,-70.0,,-86.0,,,-88.0,-64.0,-88.0,,-82.0,,,,,,,,-78.0,,,,,-64.0,,,,,,,,-72.0,-82.0,,,,,,,-74.0,-89.0,,,,,,,,-87.0,,,,,,,,-61.0,,,,,,-65.0,,,-78.0,,-87.0,,,,-73.0,,-80.0,-73.0,,,,,,,,,,,,-70.0,,,,-87.0,,,,,,-84.0,,,,,,-64.0,-88.0,-83.0,,,,,,,-82.0,,,,,,-86.0,,,,,,-70.0,,,-72.0,,-71.0,-73.0,,,,,-91.0,,-65.0,,,,,-71.0,-70.0,-62.0,,,-87.0,-72.0,-68.0,,,-71.0,,,,,,,,-80.0,,,,,,,,,,,,,,,,,-70.0,,
151.282,4,43.71854668804649,10.422028270887356,-56.0,-61.0,-66.0,-70.0,-50.0,,-79.0,,-79.0,-52.0,,,,-88.0,,,,-64.0,,,,-64.0,-87.0,,,,,-70.0,-78.0,,-83.0,,,,,,,-70.0,,,,,,,,-71.0,,-83.0,-85.0,-67.0,,-78.0,-72.0,-52.0,,,-78.0,,-88.0,,,,,,,,-52.0,,,-79.0,,-59.0,,,-54.0,-81.0,,,-68.0,-65.0,,,,-83.0,-85.0,,,,-78.0,,,,,,,,-70.0,-55.0,,,-81.0,-82.0,,-52.0,,,-63.0,,,,-59.0,,,-52.0,-83.0,-78.0,,,,-67.0,,-55.0,-70.0,,,,,-83.0,,,,-85.0,,,-67.0,,,,-78.0,,,-52.0,,-83.0,-56.0,,,,,,,-77.0,-55.0,,,-72.0,,,,,,,,-61.0,,,,,,,,-65.0,,-81.0,-71.0,,-67.0,-70.0,,,,,-85.0,,-61.0,-87.0,,,,-70.0,-57.0,-62.0,-83.0,-72.0,-79.0,-59.0,-59.0,,-71.0,-70.0,,,,-84.0,-81.0,,,-55.0,,-55.0,,,-74.0,,-89.0,,-88.0,,,,-67.0,,,,-65.0,,-65.0
157.69,4,43.718524080243384,10.421989490602915,-69.0,-68.0,-62.0,-67.0,-74.0,,,,,,,-70.0,-74.0,,-81.0,,,,,,,-68.0,,,,,,-67.0,-90.0,,,,,,,,,,,,,,,,,,,,,-61.0,,-90.0,,,,-73.0,-88.0,,,,,,,,,,,,,,,-69.0,,-93.0,,,,,,-61.0,,,,,,,,-70.0,-87.0,,,,,,,,-88.0,,,,,,,-76.0,,,,,,,,,,-74.0,,-89.0,,,,-75.0,,-77.0,-67.0,,,,-83.0,,,,,,,,-62.0,,,,,,,-75.0,,,,,,-97.0,,,-85.0,-89.0,-77.0,,,,,,,,,,,,,-83.0,,,,,,-62.0,,,-67.0,,-63.0,-67.0,,,,,-86.0,,,,,,,-67.0,-67.0,-69.0,,,,-73.0,-67.0,,,-67.0,,,,,,,,-76.0,,,,,,,,,,,,,-87.0,,,,-62.0,,
161.688,3,43.71850147244028,10.421950710318471,-70.0,-78.0,-64.0,-64.0,,,,,,,,-75.0,-78.0,,,,,,,,,-76.0,,,,,,-64.0,,,,,,,,,,,,,,,,,,,,,,-64.0,,,,,-81.0,-78.0,,-82.0,,,,,,,,,,,,,,-76.0,,-87.0,,,,,,-63.0,,,,,,,,-74.0,,,,,,,,,,,-91.0,,,,,,,,,,,,,,,,,,,,,-79.0,,,-64.0,,,,-87.0,,,,,,,,-62.0,-84.0,,,,,,,,,,,,,,,-81.0,,-89.0,,,,-81.0,,,,,,,,,-85.0,,,,,,-63.0,,,-64.0,,-63.0,-64.0,,,,,,,,,,,,-64.0,-78.0,-79.0,,,,,-76.0,,,-64.0,,,,,,,,,,,,,,,,,,,,,,,,,-63.0,,
165.705,3,43.71847886463717,10.421911930034028,-84.0,-81.0,-58.0,-60.0,,,,,,,,,-84.0,,-92.0,,,,,,,,,,,,,-60.0,,,,,,,,,,,,,,,,,,,,,,-58.0,,,,,,-84.0,,,,,,,,,,,,,,,,,,,,,,,,-59.0,,,,,,,,,,,,-89.0,,,,,,,,,,,,,-83.0,,,,-90.0,,-85.0,,-91.0,,,,,,,,,,-61.0,,,,-85.0,,,,,,,,-58.0,,,,,,,,,,,,,,,,-82.0,,,,,,,,,,,,,-89.0,,-84.0,,,,,,-58.0,,,-61.0,,-59.0,-60.0,,,,,,,-83.0,,,,,-60.0,-83.0,-82.0,,,,,-82.0,,,-60.0,,,-87.0,,,,,,,,,,,,,,,,-81.0,-84.0,,,,-89.0,-58.0,,
169.673,3,43.71845625683406,10.421873149749585,-80.0,-90.0,-64.0,-66.0,-88.0,,,,,,,,,,,,,,,,,,,,,,,-64.0,,,,,,,,,-85.0,,,-83.0,,,,-92.0,,,,,,-64.0,,,,,,,,,,,,,,,,-87.0,-88.0,,,,,-91.0,,-85.0,,,,,,-65.0,,,,,,,,-91.0,,,,,,,,,,,,,,,,,,,,,,,,,,-88.0,,,,,,,,,-63.0,,,,,,,,,,,,-64.0,-89.0,,,,,,-90.0,,,,,,,,,-90.0,,,,,,,,,,,,,,,,,,,,,-63.0,,,-65.0,,-64.0,-65.0,,,,,,,,,,,,-65.0,,-84.0,,,,,,,,-63.0,,,,,,,,,,,,,,,,,,,,,,,,,-64.0,,
173.708,2,43.718433649030956,10.421834369465143,,,-50.0,-51.0,,,,,,,,,,,,,,,,,,,,,,,,-52.0,,,,,,,,,-83.0,,,-83.0,,,,,-84.0,,,,,-50.0,,,,,-81.0,,,-86.0,,,,,,-72.0,,,,,,,,,,-83.0,-85.0,,,,,-51.0,,,,,,,,,,,,,,,,,,-85.0,,,,,,,,,,,,,,,,,,,,,,,,,-51.0,,,,,,,,,,,,-50.0,-81.0,,,,,,,,,-86.0,,,,,,,,,,,,,,,,,,,,,,,,,,,-50.0,,,-51.0,,-50.0,-52.0,,-76.0,,,,,-90.0,,,,,-51.0,,,,,,,,,,-51.0,,,,,,,,,,,,,,,,,,,,,,,,,-49.0,,
177.671,2,43.71841104122785,10.4217955891807,,,-44.0,-48.0,,-87.0,,,,,,,,,,,,,,,,,,,,-94.0,,-48.0,,,,,,,,,-89.0,,,,,,,,,,,,,-44.0,,,,,-78.0,,,-79.0,,,,,,-81.0,,-75.0,,,,,,,,-83.0,,,,,,-44.0,,,,,,,,,,,,,,,,,,,,-86.0,,,,,,,,,,,,,-87.0,,,,,,,,,,-47.0,,,-92.0,,,,,,,,,-44.0,-78.0,,,,,,,,,,,,,,,,,,,-87.0,,-78.0,-93.0,,,,,,,,,,,,,,-44.0,,,-47.0,,-44.0,-48.0,-91.0,,,,,,,,,,,-45.0,,,,,,,,,,-47.0,,,,,,,,,,,,,,,,,,,,,,-86.0,,,-44.0,,
181.692,2,43.71838843342474,10.421756808896257,,,-32.0,-34.0,,,,,,,,,,,,,,,,,,,,,,,,-34.0,,,,,,,,,-81.0,,,-81.0,,,,,,,,,,-32.0,,,,,,,,,,,,,,,-83.0,-79.0,,,,,,,,-82.0,,,,,,-32.0,,,,,,,,,,,,,,,,,,,,,,,,,,,,,,,,,,,,,,,,,-83.0,,-34.0,,,,,,,,-84.0,,,,-32.0,,,,,,,,,,,,,,,,,,,,,,-76.0,,,,,,,,,,,-85.0,,,,-33.0,,,-35.0,,-32.0,-34.0,,,,-83.0,,,,,,,,-33.0,,,,,,,,,,-33.0,,,,,,,,,,,,,,,,,,,,,,,,,-32.0,,
185.718,1,43.71836582562163,10.421718028611815,,,-49.0,-45.0,-85.0,-78.0,,,,-84.0,,,,,,,,,,,,,,,,,,-45.0,,,,,,,,,-84.0,,,-83.0,,,,-88.0,,,,,,-44.0,,,,-82.0,-79.0,,,,,,,-79.0,,,-87.0,-83.0,-84.0,,,,,,,-84.0,,,,,,-45.0,,-89.0,,,,,,,,,,,,,,,,,,,,,,-84.0,,,,,,-87.0,,,,-85.0,,,,,-76.0,,-87.0,,-45.0,,,,,,,,-86.0,,,,-44.0,-79.0,,,,-76.0,,-84.0,,,,,,,,,,,,,-77.0,,-76.0,,,,,,,,-86.0,,,-86.0,,,,-45.0,,,-46.0,,-43.0,-45.0,,,,-87.0,,,,,,,,-45.0,,,,,,,,,,-45.0,,,,,,,,,-81.0,,,,,,,-91.0,,,,,,,,,-44.0,,
189.69,1,43.71834321781853,10.421679248327372,,,-50.0,-53.0,,-80.0,,,,,,,,,,,,,,,,,,,,,,-53.0,,,,,,,,,,,,-87.0,,,,,,,,,,-48.0,,,,,-73.0,,,-73.0,,,,,-90.0,-81.0,-80.0,-83.0,,,,,,,,,-90.0,,,,,-49.0,,,,,,,,,,,,-84.0,,,,,,-87.0,,-85.0,,,,,,,,,,-87.0,,,,,,,,,-80.0,,-79.0,,-53.0,,-90.0,,,,,,-80.0,,,,-48.0,-72.0,,,,-81.0,,,,,,,,,,,,,-90.0,,-85.0,,-74.0,,,,,,-82.0,,,,,,,,,-49.0,,,-54.0,,-50.0,-53.0,,,,-80.0,,,,,,,,-53.0,,,,,,,,,,-53.0,,,,,,,,,,,,,,,,,,,,,,,,,-48.0,,
193.684,1,43.718320610015425,10.421640468042929,,,-64.0,-61.0,-91.0,-73.0,,,,-91.0,,,,,,,,,,,-92.0,,,,,,,-55.0,,,,,,,,,-91.0,,,,,,-90.0,,,,,,,-63.0,,,,-89.0,,,,,,,,-70.0,,-70.0,-79.0,-87.0,-90.0,,,,,,,-86.0,,,,,,-65.0,,-86.0,,,,,,,,,,,,,,,,,,,,,,-90.0,,,,,,,,,,-92.0,,,,,-74.0,,-79.0,-90.0,-60.0,,,,,,,,-79.0,,,,-56.0,,,,,-70.0,,,,,,,,,,,,,,,-73.0,,-82.0,-84.0,,,,,-72.0,,,,,,,,,-60.0,,,-54.0,,-64.0,-61.0,,,,-80.0,,,,,,,,-60.0,,,,,,,,,,-55.0,,-91.0,,,,,,,,,,,,,,,,,,,,,,,-56.0,,
197.72,0,43.718298002212315,10.421601687758486,,,-70.0,-67.0,,-68.0,,,,,,,,,,,,,,,,,,,,,,-65.0,,,,,,,,,-83.0,,,-81.0,,,,,,,,,,-70.0,,,,,-71.0,,,-74.0,,,,,,-66.0,-67.0,,,,,,,,,-82.0,,,,,,-69.0,,,,,,,,,,,,,,,,,,,,,,,,,,,,,,,,,,,,,,,-66.0,,-68.0,,-67.0,,,,,,,,-67.0,,,,-68.0,-69.0,,,,-66.0,,,,,,,,,,,,,,,-67.0,,-77.0,,,,,,-65.0,,,,,,,,,-69.0,,,-66.0,,-70.0,-67.0,,,,-68.0,,,,,,,,-66.0,,,,,,,,,,-65.0,,,,,,,,,,,,,,,,,,,,,,,,,-68.0,,
201.668,0,43.718275394409204,10.421562907474044,,,-75.0,-78.0,,-60.0,,,,,,,,,,,-87.0,,,,,,,,,,,-77.0,,,,,,,,,-82.0,,,-82.0,,,,-87.0,,,,,,-76.0,,,,,-72.0,,,-73.0,,,,,,-59.0,-67.0,,,,,,,,,-82.0,,,,-87.0,,-76.0,,,,,,,,,,,,,,,,,,,,,,,,,,,,,,,,,,,,,-90.0,,-60.0,,-67.0,,-79.0,,,,,,,,-67.0,,,,-76.0,-73.0,-88.0,,,-61.0,,,,,,,,,,,,,,,-60.0,,-74.0,,,,,-84.0,-60.0,,-86.0,,,,,,-83.0,,,,-78.0,,-75.0,-78.0,,,-87.0,-67.0,,-88.0,,,,-87.0,,-78.0,,,,,,,,,,-77.0,,,,,,,-86.0,,,,,,,,,,,,,,,,,,,,
205.701,0,43.7182527866061,10.4215241271896,,,,,,-56.0,,,,,,,,,,,-84.0,,,,,,,,,,,-80.0,,,,,,,,,,,,-89.0,,,,-85.0,,,,,,-81.0,,,,,-76.0,,,-77.0,,,,,,-55.0,-67.0,,,,,,,,,-85.0,,,,-84.0,,,,,,,,-80.0,,,,,,,,,,,,,,,,,,,,,,,,,,,,,,,,,-56.0,,-67.0,,-85.0,,,,,,,,-67.0,,,,-81.0,-78.0,-84.0,,,-57.0,,,,,,,,,,,,,,,-56.0,,-77.0,,,,,-78.0,-56.0,,-86.0,,,-82.0,,,-79.0,-83.0,,,-84.0,,,-85.0,,,,-67.0,,-85.0,,,,,,,,,,,,,,,,-85.0,,,-90.0,,,,,,,,,,,,,,,,,,,,,,-83.0,,
61.138,0,43.71828156017369,10.421573483915255,,,,-84.0,,-35.0,,-84.0,,,,,,,,-77.0,-68.0,,,,,,,,,,,,,-84.0,,-85.0,,,,,-84.0,,-84.0,,,,,-63.0,,,-77.0,,,,,,,,,,,,,,,,,-35.0,-37.0,,,,,,-77.0,,,,,,,-68.0,,,,,,,,-61.0,,,,,,,-75.0,,,-85.0,,,,,,,,,,,,,,,,,,,,,,,-32.0,,-37.0,,,,,,,,,,-37.0,,,,,,-68.0,,,-34.0,,,,,,,,,-79.0,,,,,,-32.0,,-79.0,,-87.0,,-87.0,-60.0,-35.0,,-59.0,,-77.0,-59.0,,-84.0,-61.0,,,,,,,,,,,-37.0,,-68.0,,,,,,,,,,,,,,-78.0,,,,,,,,,,,,,,,,,,,,,,,,,,,,-76.0,
67.822,0,43.71831033374128,10.421622840640909,,,,-82.0,,-43.0,,,,,,,,,,,-87.0,,,,,,,,,,,-82.0,,,,,,,,,-80.0,,,-81.0,,,,-84.0,,,,,,-83.0,,,,,,,,-75.0,,,,,,-43.0,-58.0,-89.0,,,,,,,,-80.0,,,,,,-84.0,,,,,,-75.0,,,,,,,,,,,,,,,,,,,,,,,,,,,,,,,,,-43.0,,-57.0,,-81.0,,,,,,,,-57.0,,,,,-73.0,,,,-43.0,,-94.0,,,,,,,,,,,,,-44.0,,,,,,,-76.0,-43.0,,-80.0,,,-78.0,,,-79.0,,,,-83.0,,,-82.0,,,,-57.0,,-84.0,,,,,,-86.0,,,,,,,,,,-83.0,,,,,,,,,,,,,,,,,,,,,,,,,-82.0,,
71.83,1,43.71833910730887,10.421672197366565,,,-72.0,-74.0,,-56.0,,,,,,,,,,,,,,,,,,,,,,-74.0,,,,,,,,,-84.0,,,-83.0,,,,,,,,,,-73.0,,,,,-65.0,,,-67.0,,,,,,-56.0,-62.0,,,,,,,,,-84.0,,,,,,-75.0,,,,,,,,,,,,,,,,,,,,,,,,,,,,,,,,,,,,,,,-58.0,,-61.0,,-73.0,,,,,,,,-61.0,,,,-72.0,-67.0,,,,-58.0,,,,,,,,,,,,,,,-60.0,,-65.0,,,,,-89.0,-61.0,,,,,,,,,-72.0,,,-74.0,,-72.0,-74.0,,,,-61.0,,,,,,,,-75.0,,,,,,,,,,-74.0,,,,,,,,,,,,,,,,,,,,,,,,,-73.0,,
75.819,1,43.718367880876464,10.421721554092219,,,-67.0,-57.0,,-67.0,,,,,,,,,,,,,,,,,,,,,,-56.0,,,,,,,,,-83.0,,,-85.0,,,,,,,,,,-68.0,,,,,-75.0,,,-74.0,,,,,,-72.0,-73.0,,,,,,,,,-84.0,,,,,,-67.0,,-89.0,,,,,,,,,,,,,,,,,,,,,,,,,,,,,,,,,,,,,-70.0,,-73.0,,-57.0,,,,,,,,-73.0,,,,-68.0,,,,,-66.0,,,,,,,,,,,,,,,-69.0,,-76.0,-93.0,,,,-92.0,-68.0,,,,,,,,,-68.0,,,-56.0,,-68.0,-57.0,,,,-72.0,,,,,,,,-56.0,,,,,,,,,,-56.0,,,,,,,,,,,,,,,,,,,,,,,,,-69.0,,
79.821,2,43.71839665444406,10.421770910817873,-87.0,,-48.0,-51.0,,,,,,,,,,,,,,,,,,,,,,,,-51.0,,,,,,,,,-83.0,,,-84.0,,,,,,,,,,-48.0,,,,,-79.0,,,-77.0,,,,-73.0,,,,-77.0,,,,,,,,-84.0,,,,,,-48.0,,-84.0,,,,,,,,,,-88.0,,,,,,,,,,,,,,,,,,-87.0,,,,,,,,,,,,,-51.0,,,,,,,,,,,-87.0,-48.0,-81.0,,,,-78.0,,,,,,,,,,,,,,,-81.0,,-77.0,-88.0,,,,,,-89.0,,,,,,,,-48.0,,,-51.0,,-48.0,-50.0,,,,,,,,,,,,-50.0,,,,,,,-91.0,,,-50.0,,,,,,,,,,,,,,,,-85.0,,,,,,,,,-49.0,,
83.836,2,43.71842542801164,10.421820267543527,,,-41.0,-41.0,,,,,,,,,,,,,,,,,,,,,,,,-42.0,,,,,,,,,-84.0,,,-85.0,,,,,,,,,,-41.0,,,,,-76.0,,,-76.0,,,,,,,,-70.0,,,,,,,,-88.0,,,,,,-41.0,,-85.0,,,,,,,,,,,,,,,,,,,,,,,,,,,,,,,,-87.0,,,,,,,,,-43.0,,,,,,,,,,,,-41.0,-78.0,,,,,,,,,,,,,,,,,,,,,-80.0,-85.0,,,,,,,,,,,,,,-42.0,,,-42.0,,-41.0,-42.0,,,,,,,,,,,,-42.0,,,,,,,,,,-42.0,,,,,,,,,,,,,,,,,,,,,,,,,-41.0,,
87.802,3,43.718454201579235,10.421869624269181,-93.0,,-45.0,-44.0,,,,,,,,,,,,,,,,,,,,,,,,-44.0,,,,,,,,,-84.0,,,-85.0,,,,,,,,,,-44.0,,,,,-75.0,,,-76.0,,,,,,,,-72.0,,,,,,,,-84.0,,,,,,-45.0,,,,,,-90.0,,,,,,,,,,,,,,,,,,,,,,,,,,-58.0,,,,,,,,,,,-44.0,,,,,,,,,,,,-43.0,-79.0,,,,,,,,,,,,,,,,,,,,,-72.0,,,,,,,,,,,,,,,-43.0,,,-45.0,,-44.0,-44.0,,,,,,,,,,,,-44.0,,,,,,,,,,-44.0,,,,,,,,,,,,,,,,,,,,,,,,,-43.0,,
91.823,3,43.71848297514683,10.421918980994835,-91.0,,-46.0,-48.0,,,,,,,,,,,,,,,,-86.0,,,,,,,,-48.0,,,,,-90.0,,,,,,,,,,,,-91.0,,,,,-46.0,,,,,-75.0,,,-73.0,,,,,,-90.0,,-80.0,-90.0,,,,,,,,,,,,,-43.0,,,,,,,,,,,,-86.0,,,,,,,,-87.0,,,,,,,,,,,-85.0,,,,,,,,,,,,-49.0,,,,,,,,,,,,-46.0,-76.0,,,,,,,,,,,,,,,,,,,,,-80.0,,,,,,-91.0,,,,,,,,,-47.0,,,-51.0,,-47.0,-48.0,-88.0,,,,,,-86.0,,,,-90.0,-47.0,,,,,,,,,,-50.0,,,,,,,,,,,,,,,,,,,,-84.0,,-89.0,,,-46.0,,
95.843,4,43.71851174871442,10.421968337720491,-82.0,-87.0,-64.0,-60.0,,,,,,-90.0,,-84.0,,,,,,,,,,,,,,,,-62.0,,,,,,,,,,,,,,,,,,,,,,-62.0,,,,,-84.0,-83.0,,-84.0,,,,,,,,-92.0,,,,,,,,,,,,,,-61.0,,,,,,,,,,,,,,,,,,,,,,,,,,,,,,,,,,,,,,,,-83.0,,,-62.0,,,,,,,,,,,,-62.0,,,,,,,,,,-90.0,,,,,,,,,,,,,,,,,,,,,,,,,,,-58.0,,,-62.0,,-67.0,-60.0,,,,,,,,,,,,-60.0,-86.0,-81.0,,,,,,,,-62.0,,,,,,,,,,,,,,,,,,,,,,,,,-58.0,,
99.8,4,43.718540522282005,10.422017694446145,-75.0,-84.0,-69.0,-70.0,,,,,,-88.0,,-78.0,-85.0,-95.0,,,,,,,,,,,,,,-71.0,,,,,-86.0,,,,,,,,,-83.0,,,,,,,,-70.0,,,,-89.0,,,,,-85.0,,,,,,,,,,,,,-80.0,,,-86.0,,,,,-68.0,-84.0,,,,,,,,,,,-86.0,,,,,,,,-82.0,,,,,,,,,,,,,,-88.0,,,,,,-75.0,,,-73.0,,,,,,,,,,,,-68.0,,,,,,,,,,,,,,,,,,,,,,,,,,,,,,,,,,,,,,,,-74.0,,-71.0,-71.0,,,,,,,-78.0,,,,,-70.0,,-74.0,,,,,,,,-74.0,,,-85.0,,,,,,,,,,,,,,,,,,,,-82.0,,-69.0,,
103.409,4,43.7185692958496,10.4220670511718,-78.0,-77.0,-76.0,-74.0,,,,,,,,-74.0,-77.0,-87.0,,,,,,,,-71.0,,,,,,-71.0,-89.0,,,,,-87.0,,,,-91.0,,,,-80.0,,,,,,,,-76.0,,-90.0,,-82.0,-84.0,-71.0,-90.0,-84.0,-81.0,,,,,,,,,,,,,-72.0,,,,,,,,-77.0,-80.0,,-83.0,,,,,-75.0,-90.0,,,,,,,,,-84.0,-87.0,,,,,,-73.0,,,,,,-77.0,,,,,-89.0,,,,-72.0,,-86.0,-72.0,,,,,,,,,,,,-72.0,-83.0,,,-89.0,,,,,,,,,,,,,-89.0,-86.0,,,,,,,,,,,,,,,,,,,-73.0,,,-70.0,,-76.0,-72.0,,,,,,,-78.0,,,,,-74.0,-67.0,-67.0,,,-90.0,-67.0,-70.0,,,-70.0,,,,,,,,-85.0,,-84.0,,,,,,,,,,,,,,,-73.0,,
133.591,4,43.718540522282005,10.422017694446145,-63.0,-67.0,-66.0,-73.0,-54.0,,,,,-53.0,,-62.0,,,,,,-61.0,,,,-60.0,-87.0,,,,,-72.0,-78.0,,-86.0,,,,,,,-78.0,,,,-83.0,,,,,,-88.0,-84.0,-67.0,-82.0,-78.0,-75.0,-58.0,-87.0,-60.0,-77.0,,-83.0,-81.0,,,,,,,-53.0,,,,,-67.0,,,-55.0,-75.0,-76.0,,-73.0,-67.0,-82.0,,,-85.0,,,,-60.0,-78.0,,,,,,,,-80.0,-54.0,,-93.0,-75.0,-85.0,-80.0,-54.0,-63.0,,-61.0,,,,,,,-54.0,,-78.0,,,,-69.0,,-54.0,-73.0,,,,,-85.0,,,,-84.0,-73.0,,-66.0,-88.0,,,-77.0,,,-54.0,,-84.0,-56.0,,,,,,-63.0,-78.0,-55.0,-84.0,,-74.0,,,,,,,,,,-89.0,,,,,,-67.0,,-75.0,-73.0,,-66.0,-72.0,,-82.0,,,,,-64.0,-88.0,-81.0,,,-73.0,-65.0,-61.0,-85.0,-73.0,-78.0,-61.0,-61.0,,,-72.0,-79.0,,,-85.0,-75.0,,,-55.0,,-54.0,,-76.0,-79.0,,-87.0,,-88.0,,,,-61.0,,,,-65.0,,-61.0
139.861,4,43.71851174871442,10.421968337720491,-67.0,-72.0,-73.0,-68.0,,,,,,,,-70.0,-82.0,-88.0,,,,,,,,-69.0,,,,,,-67.0,,,,,,,,,,,,,,,,,,,,,,-74.0,,,,-78.0,,-68.0,,-88.0,,,,,,,,,-73.0,,,,,-70.0,,-86.0,-72.0,,,,-82.0,-71.0,,,,,,,,-69.0,,,,,,,,,,-77.0,,,,,,,,-90.0,,,,,-76.0,,,-78.0,,,,,,-83.0,,-76.0,-66.0,,,,,,,,,,,,-73.0,,,,,,,-76.0,,,-73.0,,,,,,,,-75.0,,,,,,,-88.0,,,,,,-90.0,,,,,,-71.0,,,-66.0,-93.0,-73.0,-66.0,,-83.0,,,-85.0,,-73.0,,,,,-68.0,-77.0,-71.0,,,,-68.0,-73.0,,,-66.0,,,,,,,,-75.0,,-72.0,,,,,,,,,,,,,,,-73.0,,
143.831,3,43.71848297514683,10.421918980994835,-73.0,-73.0,-74.0,-63.0,-87.0,,,,,,,,-86.0,,,,,,-90.0,,,,,,,,,-65.0,,,,,-83.0,-91.0,,,,,,-90.0,,,,,,,,,,-67.0,,,,,,-80.0,,,,,,,,,,,,,,,,-78.0,,,,,,,,-73.0,,,,,,,,,,,,-83.0,,,,,,,,,,,,,,,,,,,,,,,,,,,,-83.0,,,-64.0,,,,-87.0,,,,,,,,-67.0,-87.0,,,,,,,,,,,,,,,-86.0,,,,,,-86.0,,,,,,,-85.0,,-86.0,,,,,,-67.0,,,-65.0,,-68.0,-63.0,,,,,,,,,,,,-64.0,,-83.0,,,,,-81.0,,,-65.0,,,,,,,,,,,,,,,,,,,,-84.0,,-88.0,,,-68.0,,
147.817,3,43.718454201579235,10.421869624269181,-84.0,-85.0,-61.0,-59.0,,,,,,,,-88.0,,,,,,,,,,,,,,,,-59.0,,,,,,,,,-86.0,,,,,,,,-88.0,,,,,-59.0,,,,,-84.0,,,-86.0,,,,,,,,-88.0,,,,,,-82.0,,,,,,,,-62.0,,,,,,,,,,,,,,,,,,,,,,,,,-87.0,-72.0,,,,,,,,,,,,,,,,,-58.0,,,,,,,,,,,,-59.0,-86.0,,,,,,,,,,,,,,,-86.0,,,,,,-85.0,,,,,,,,,,,,,,,-60.0,,,-58.0,,-60.0,-59.0,,,,,,,,,,,,-59.0,,,,,,-88.0,-87.0,,,-58.0,,,,,,,,,,,,,,,,,,,,,,,,,-60.0,,
151.834,2,43.71842542801164,10.421820267543527,,,-47.0,-47.0,-88.0,-94.0,,,,-86.0,-87.0,,,,,,,,,-89.0,,,,,,,,-48.0,,,,,-85.0,,,,-84.0,,,-84.0,,,,,-84.0,,,,,-48.0,,,,-89.0,,,,,,,,,-90.0,,,-84.0,,,,,,,,-85.0,,,,,,-47.0,,,,,,,,,,-90.0,,,,,,,,-89.0,,-88.0,,,,,,,,,,-86.0,,,,,,,,,,,,,-49.0,,,,-91.0,,,,,,,,-48.0,-84.0,,,,,,,,,,,,,,,,,-87.0,,,,,,,,,,,,,,,,,,,-49.0,,,-50.0,,-46.0,-48.0,,-80.0,,,,,,,,,,-48.0,,,,,,,,,,-49.0,,,-85.0,,,,,-88.0,,-87.0,,,,,,,,,,,,,,,-48.0,,
155.819,2,43.71839665444406,10.421770910817873,,,-39.0,-39.0,,,,,,,,,,,,,,,,,,,,,,-90.0,,-40.0,,,,,,,,,-84.0,,,-84.0,,,,,,,,,,-40.0,,,,,-77.0,,,-74.0,,,,,-88.0,,,-81.0,,,,,,,,-84.0,,,,,,-41.0,,,,,,,,,,,,,,,,,,,,-63.0,,,,,,,,,,,,,,,,,,,,,,,-40.0,,,,,,,,,,,-84.0,-41.0,-81.0,,,,,,,,,,,,,,-86.0,,,,,,,,,,,,,,,,,,-86.0,,,,-41.0,,,-40.0,,-40.0,-40.0,-86.0,,,,,,,,,,-86.0,-40.0,,,,,,,,,,-40.0,,-89.0,,,,,,,,,,,,,,,,,,,,,,,-40.0,,
159.835,1,43.718367880876464,10.421721554092219,,,-42.0,-43.0,-91.0,,,,,,,,,,,,,,,,,,,,,,,-42.0,,,,,,,,,-86.0,,,-84.0,,,,-92.0,,,,,,-44.0,,,,-92.0,-75.0,,,-77.0,,,,,,,,-75.0,-93.0,,,,,,,-84.0,,,,,,-42.0,,,,,,,,,,,,,,,,,,,,,,,,,,,,,,,,,,-91.0,,,,,,,,,-42.0,-89.0,,,,,,,,,,,-44.0,-74.0,,,,-78.0,,-90.0,,,,,,,,,,,-91.0,,-77.0,,-74.0,,,,,,-78.0,,,,,,,,,-44.0,,,-42.0,,-44.0,-42.0,,,,,,,,,,,,-43.0,,,,,,,,,,-41.0,,,,,,,,,,,,,,,,,,,,-92.0,,,,-81.0,-44.0,,
163.826,1,43.71833910730887,10.421672197366565,,,-49.0,-51.0,,-74.0,,,,,-89.0,,,,,,,,,,,,,,,,,-51.0,,,,,-82.0,,,,,,,,-89.0,,,-87.0,,,,,,-49.0,,,,,-75.0,,,-70.0,,,,-74.0,-88.0,-74.0,-74.0,-76.0,,,-88.0,,,,,,,,,,,-48.0,,,,,,,,,,,,,,,,,,,,,,,,,,,,-87.0,,,,,,-91.0,,,,,-74.0,,-73.0,,-50.0,-91.0,,,,,,,-73.0,,,,-49.0,-75.0,,,,-78.0,,-90.0,,,,-84.0,,,,-87.0,,,,,-77.0,,,,,,,,-75.0,,-86.0,,,-88.0,,,,-48.0,,,-51.0,,-48.0,-50.0,-87.0,,,-74.0,,,,,,,,-51.0,,,,,,,,,,-51.0,,,,,,,,,,,,,,,,-92.0,,,,,,,,,-49.0,,
167.815,0,43.71831033374128,10.421622840640909,,,-57.0,-65.0,,-66.0,,,,,,,,,,,,,,,,,,,,,,-65.0,,,,,,,,,-79.0,,,-81.0,,,,,,,,,,-57.0,,,,,-75.0,,,,,,,-78.0,,-66.0,-64.0,,,,,,,,,-80.0,,,,,,-57.0,,,,,,,,,,,,,,,,,,,,,,,,,,,,,,,,,,,,,,,-66.0,,-64.0,,-65.0,,,,,,,,-64.0,,,,-57.0,,-91.0,,,-66.0,,,,,,,,,,,,,,,-67.0,,-79.0,,,,,,-66.0,,,,,,,,,-60.0,,,-63.0,,-56.0,-65.0,,,,-63.0,,-92.0,,,,,-93.0,-65.0,,,,,,,,,,-63.0,,,,,,,,,,,,,,,,,,,,,,,,,-61.0,,
171.825,0,43.71828156017369,10.421573483915255,,,,-78.0,,-60.0,,,,,,,,,,,-92.0,,,,,,,,,,,-78.0,,,,,,,,,-79.0,,,-79.0,,,,-83.0,,,,,,-74.0,,,,,-74.0,,,-71.0,,,,,,-61.0,-66.0,,,,,,,,,-80.0,,,,-89.0,,-77.0,,,,,,-83.0,,,,,-89.0,,,,,,,,,,,,,,,,,,,,,,,,,,-89.0,,-62.0,,-67.0,,-74.0,,,,,,,,-66.0,,,,,-72.0,-91.0,,,-64.0,,,,,,,,,,,,,,,-63.0,,-74.0,,,,,-84.0,-63.0,,-83.0,,,-83.0,,,-83.0,,,,-74.0,,-75.0,-79.0,,,,-67.0,,-92.0,,,,-89.0,,-77.0,,,,,,,,,,-75.0,,,,,,,,,,,,,,,,,,,,,,,,,-76.0,,
175.844,0,43.7182527866061,10.4215241271896,,,,-79.0,,-56.0,,,,,,,,,,,-88.0,,,,,,,,,,,-79.0,,,,,,,,,-83.0,,,,,,,-81.0,,,,,,,,,,,,,,-77.0,,,,,,-56.0,-54.0,-83.0,,,,,,,,-88.0,,,,-89.0,,,,,,,,-79.0,,,,,,,,,,,,,,,,,,,,,,,,,,,,,,,,,-56.0,,-55.0,,-78.0,,,,,,,,-54.0,,,,,,-89.0,,,-56.0,,,,,,,,,,,,,,,-56.0,,-74.0,,,,,-80.0,-55.0,,-79.0,,,-81.0,,,-79.0,,,,-80.0,,,-79.0,,,,-55.0,,-89.0,,,,,,-78.0,,,,,,,,,,-78.0,,,,,,,,,,,,,,,,,,,,,,,,,,,
